0,0,6,7,8,9,10,11,12,13,14,15,16,17,18,19,20
1.3838965267367376e-87,0.01,-1.4342031835650021e-11,-1.4497275042795224e-11,-1.442097630243067e-11,-1.4493409721235258e-11,-1.459628082357529e-11,-1.455901718797074e-11,-1.4473774604733931e-11,-1.4564348208544878e-11,-1.4565237091560352e-11,-1.4565681573756683e-11,-1.4521495581659096e-11,-1.443278920668399e-11,-1.4521661766353616e-11,-1.4432871791608756e-11,-1.4432885555854769e-11
3.338237795365022e-15,0.060000000000000005,6.485979844374247e-13,7.711316512125117e-13,8.552317234570336e-13,9.60317667564008e-13,1.0351972215301622e-12,1.1614663102192104e-12,1.2209472442643654e-12,1.3321050190742263e-12,1.3987956353175336e-12,1.5024559753417713e-12,1.5690912657042445e-12,1.6801246922652643e-12,1.7467442287764795e-12,1.872572596552315e-12,1.9243847407806357e-12
1.2698040054380027e-8,0.11,1.0939847798126595e-6,1.364956561215073e-6,1.5038203176687378e-6,1.764175670471061e-6,1.8956339215971284e-6,2.1531510852571007e-6,2.282336497356344e-6,2.539085397560084e-6,2.6675738259084673e-6,2.9240191396357363e-6,3.052194000633677e-6,3.3081453508454262e-6,3.435778459949764e-6,3.6899485192500517e-6,3.815633359408793e-6
3.726653172078678e-6,0.16000000000000003,0.00022071742962409118,0.0002753606242963709,0.00030334332837155366,0.0003557431276711693,0.0003821193484926458,0.0004335401784606116,0.0004590130421417679,0.0005086835317182921,0.000532308913934163,0.0005760284941722849,0.0005937876892615937,0.0006200413325590039,0.0006249490143290097,0.0006261194505696449,0.0006239729383420735
0.00007309069257944978,0.21000000000000002,0.0032940330763705505,0.004102095522274307,0.004510401393221358,0.005257549273569665,0.005612523824887964,0.006245461878179607,0.006491680715799631,0.006828772988998719,0.006873596894642233,0.006858704567604461,0.006830194554481924,0.006802251030046102,0.006801041915562022,0.006800380595605595,0.006800391895823904
0.00045632390058103137,0.26,0.01649515197954088,0.02034223727367337,0.022147660280697604,0.02505943285861544,0.026051254806181163,0.027112356208261388,0.027093224216431507,0.026840580794374447,0.026761976789666977,0.02670294347095812,0.026702845159769204,0.026702779302708722,0.026702988143483763,0.026703092564161333,0.026703144786314508
0.0015779749941570507,0.31000000000000005,0.04689802710767694,0.05634388336479671,0.05991139271341564,0.06385956732123221,0.0641158221423405,0.06353292395568902,0.0632670071976357,0.0630438315472821,0.06304734796945573,0.06304896405136458,0.06305116437298279,0.06305226455047888,0.06305281477920541,0.06305308989514502,0.06305322745350697
0.003865920139472811,0.36000000000000004,0.09521797232157282,0.10949458476263209,0.11288518167847164,0.11398090124978254,0.11325210630413644,0.11225064255377483,0.11224476811516991,0.11223672189458274,0.11225391874716312,0.11226251661495996,0.11226683113007718,0.11226898843701362,0.11227006710283155,0.1122706064388272,0.11227087610759533
0.007611851940887937,0.41000000000000003,0.1555098101978449,0.16994061226545756,0.17125466546591403,0.16931448836818386,0.1689484610891179,0.16858665810145324,0.16869176618143972,0.16874411794011696,0.1687722727750252,0.168786351466102,0.16879339120208647,0.16879691115064047,0.16879867114505864,0.16879955114730313,0.1687999911496831
0.012934901388949791,0.46,0.2195436214297876,0.2296536280408331,0.22952889176439364,0.22712339791703892,0.22743237915853906,0.2275559845546447,0.22771809195428372,0.22779915530478947,0.22783982003961206,0.227860154268376,0.2278703218483334,0.2278754057546675,0.22787794773692482,0.22787921873532707,0.2278798542363454
0.019809995856158447,0.51,0.28103186503159905,0.28570853749390096,0.28591472174147703,0.2846675192216515,0.2854254763597781,0.2857999591423222,0.2860155536559297,0.2861233886485726,0.28617732229823645,0.28620429159188127,0.2862177768559716,0.2862245196423422,0.2862278910741107,0.28622957679964073,0.2862304196648162
0.02811565974897205,0.56,0.3369171552291876,0.3378379063116989,0.339481737761841,0.3396897899359526,0.34073665942625064,0.3412597961934803,0.3415285845853366,0.3416630278782626,0.34173026210124186,0.341763882290378,0.34178069315443743,0.3417890987788527,0.3417933016391564,0.34179540308133305,0.3417964538054275
0.03767763771453889,0.6100000000000001,0.38648863961748664,0.38614878308702544,0.3894562868043252,0.3908718889777831,0.3921427233422805,0.392778789517124,0.3930986773506267,0.393258679827453,0.3933386957240231,0.3933787073350338,0.3933987140563197,0.39340871764591895,0.393413719497959,0.3934162204382901,0.39341747091203294
0.04830099924173013,0.66,0.43011747562235025,0.43054588922060155,0.43530483457968205,0.43760733210922653,0.4390725221509014,0.43980611429844685,0.4401735349892688,0.44035731260293426,0.4404492182344613,0.440495175257202,0.4405181548204298,0.44052964486502094,0.4405353899530635,0.4405382625135212,0.44053969879785926
0.05979092362144696,0.7100000000000001,0.46846634443916435,0.47086981872488565,0.47677272865182135,0.4797108402836398,0.48134898128648124,0.48216923232867676,0.4825797338196466,0.4827850597210142,0.48288774146871066,0.48293908704281374,0.48296476100505303,0.4829775982799869,0.48298401699090937,0.48298722636473335,0.4829888310562376
0.07196474394172296,0.76,0.5021731294776303,0.5070595271457173,0.5138404346626724,0.5172419737238553,0.5190328425375532,0.5199295838096939,0.5203782985172104,0.5206027380230562,0.5207149783227746,0.5207711036104314,0.5207991675388473,0.5208131998242169,0.520820216047196,0.520823724178759,0.520825478249558
0.08465798862252998,0.81,0.5317793104152483,0.5391998457408141,0.5466587745858129,0.5504088036697147,0.5523325113150317,0.553295772595197,0.5537777591499984,0.5540188406710017,0.5541394035018273,0.5541996904360005,0.5542298352829249,0.5542449080513646,0.5542524445218318,0.5542562127786271,0.5542580969124145
0.09772660973498987,0.8600000000000001,0.5577401327535189,0.567497361521361,0.5754879948321636,0.5795077122857254,0.5815451317580345,0.5825653328831638,0.5830758076283031,0.5833311384601817,0.5834588272509293,0.583522677491255,0.5835546040728105,0.5835705677289565,0.5835785496483737,0.5835825406309197,0.5835845361279003
0.11104694959162309,0.91,0.5804471779780535,0.5922348855847603,0.6006477036308705,0.6048801899945443,0.6070134252447444,0.6080816045228212,0.60861608538173,0.6088834236656079,0.6090171172816038,0.6090839702094231,0.6091173982034517,0.6091341125830154,0.6091424698684382,0.6091466485350593,0.6091487378743478
0.12451447144412303,0.9600000000000001,0.6002446564814214,0.6137298262724404,0.6224795271675891,0.6268812846526738,0.6290939618702354,0.6302019203038198,0.630756305196201,0.6310335991409077,0.6311722714987305,0.6312416140253645,0.6312762868757825,0.6312936236977867,0.6313022922079914,0.6313066264878939,0.6313087936340459
0.13804189957465685,1.01,0.6174387361743221,0.6323042656988639,0.6413218833923042,0.6458580839719286,0.6481354759957302,0.6492758392075109,0.6498464383307989,0.650131842359511,0.6502745705017917,0.6503459411063084,0.6503816280420851,0.6503994719183748,0.650408393958623,0.6504128550042726,0.6504150855334796
0.15155715676130435,1.06,0.6323028339228352,0.6482665446733495,0.6574947949299778,0.6621366429262067,0.6644656747941031,0.6656318957304154,0.6662154331784215,0.6665073087382811,0.6666532732385856,0.6667262621702588,0.6667627583066529,0.6667810067925131,0.6667901311398614,0.6667946933396394,0.666796974446056
0.1650013205464439,1.11,0.6450811536054325,0.6619016067937269,0.6712921219503284,0.6760153502053834,0.678384529392327,0.6795708533779722,0.6801644497098362,0.6804613565532361,0.6806098371559104,0.680684084253943,0.6807212095023147,0.680739772551362,0.6807490541821037,0.6807536950240292,0.6807560154516311
0.17832671545615314,1.1600000000000001,0.6559916104868314,0.673467165833691,0.6829787581767259,0.687762713026616,0.690162016798139,0.6913634251289658,0.6919645691559188,0.692265251228719,0.6924156197917046,0.6924908109563146,0.6925284082595822,0.6925472073414792,0.6925566069899974,0.6925613068411484,0.6925636567734473
0.19149519501466308,1.2100000000000002,0.665228544239939,0.6831933627606468,0.6927908364644488,0.6976178670743851,0.7000386092599684,0.7012507524920357,0.7018572678998444,0.7021606366464817,0.7023123487923428,0.7023882118098927,0.702426145055008,0.7024451121116733,0.7024545957485362,0.7024593375941006,0.702461708523666
0.20447663029784294,1.26,0.672965287824669,0.6912842945980776,0.7009375575555746,0.7057925671520431,0.7082272588685663,0.7094463870780282,0.7100563975318744,0.7103615144414145,0.7105141008287673,0.7105904010070805,0.7106285528425833,0.7106476291969445,0.7106571674832807,0.7106619366537374,0.7106643212457883
0.21724760104852714,1.31,0.6793565553237534,0.6979203915983713,0.7076037434551157,0.7124738330036055,0.7149160462928292,0.7161389407949066,0.7167508357739794,0.7170568952911572,0.717209953068622,0.7172864889635692,0.7173247586627837,0.7173438939503496,0.7173534617036252,0.7173582456076367,0.7173606375664858
0.22979027467301688,1.36,0.6845406067264315,0.7032610447720453,0.7129525803693217,0.7178267511684197,0.7202709906978915,0.7214948998034272,0.7221073024556968,0.7224136159024194,0.722566800667903,0.7226434000626729,0.7226817015132521,0.7227008526768633,0.7227104283682529,0.7227152162413436,0.7227176101847383
0.24209145371242932,1.4100000000000001,0.6886411711937229,0.7074471643060288,0.7171282618901946,0.7219971605773311,0.7244387460310656,0.7256613261557765,0.7262730638310654,0.7265790446675517,0.7267320630974672,0.7268085793168394,0.7268468391778159,0.7268659695461502,0.7268755348397816,0.7268803175139641,0.7268827088578967
0.2541417711096406,1.4600000000000002,0.6917691335014141,0.7106035192619986,0.720258396765324,0.7251140940338701,0.7275490542075349,0.7287683168420784,0.7293783945576786,0.7296835451104104,0.7298361483224385,0.7299124569138605,0.7299506129561095,0.7299696914138919,0.7299792307519508,0.729984000448272,0.7299863853032562
0.2659350132184073,1.51,0.6940240030107577,0.7128408057931851,0.7224561348025009,0.7272919326116909,0.7297169112384569,0.730931175792416,0.731538752637819,0.731842652297585,0.7319946299486143,0.7320706257309016,0.7321086253614241,0.7321276256115535,0.7321371258453381,0.7321418759894107,0.732144251068242
0.2774675520862673,1.56,0.6954951909680452,0.7142574421250296,0.7238220120234884,0.7286322756222797,0.7310444483819813,0.7322523006276889,0.7328566689712814,0.7331589637927196,0.7333101388776674,0.7333857333401761,0.7334235323016239,0.7334424322149194,0.7334518822797128,0.7334566073391465,0.7334589698756224
0.28873787053180044,1.61,0.6962631228230479,0.7149411124240975,0.7244455385823413,0.729225550379061,0.7316225522395315,0.732822807929548,0.7334233752140326,0.7337237688100071,0.7338739931081707,0.7339491121337652,0.7339866733658745,0.7340054544117799,0.7340148450421985,0.7340195403842744,0.734021888062029
0.2997461656123573,1.6600000000000001,0.6964002101358434,0.7149700904545059,0.724406561139476,0.7291523938293999,0.7315322557359458,0.7327239289014489,0.7333202017814296,0.733618447388919,0.7337675974961984,0.7338421793771797,0.7338794720246878,0.7338981187752192,0.7339074422571824,0.7339121040248381,0.7339144349153351
0.3104940180682525,1.7100000000000002,0.6959717033068377,0.714414374899739,0.7237764321344741,0.728484838757989,0.730845932658818,0.7320282080820736,0.7326197786502151,0.7329156722408704,0.7330636461244124,0.7331376398396835,0.7331746383908749,0.7331931380898821,0.7332023880452416,0.7332070130493855,0.7332093255580737
0.32098411714875263,1.76,0.6950364428598743,0.713336665617985,0.7226190157087676,0.7272873345348632,0.7296283257635865,0.730800535134338,0.7313870689908284,0.7316804433035217,0.7318271573174497,0.7319005210402431,0.7319372045807768,0.7319555467708503,0.7319647179708412,0.7319693035970757,0.7319715964167529
0.3312200318402412,1.81,0.6936475238434179,0.7117932061910758,0.7209915560873961,0.725617628427232,0.7279374345303045,0.7290990358293542,0.7296802617661499,0.7299709811472054,0.7301163674522628,0.7301890672598456,0.7302254188275781,0.7302435950274517,0.7302526832313936,0.7302572273593656,0.7302594994298521
0.3412060209230214,1.86,0.6918528852690943,0.7098345140725851,0.7189454301510261,0.7235275294090837,0.725825284588671,0.7269758442832811,0.7275515453752875,0.7278395013224432,0.727983505657566,0.7280555144169217,0.7280915204447239,0.7281095238706785,0.7281185256866719,0.7281230266204226,0.7281252770937364
0.35094687549115716,1.9100000000000001,0.6896958343885538,0.7075060159555495,0.7165268022187928,0.7210635726826942,0.7233385971129789,0.7244777747925648,0.7250477807098585,0.7253328880269669,0.7254754677862825,0.7255467641925246,0.7255824140274659,0.7256002393529133,0.7256091521176342,0.7256136085254942,0.725615836735799
0.3604477885978211,1.9600000000000002,0.6872155139495683,0.704848602840813,0.7137771958931994,0.7182675999443942,0.7205193733054168,0.7216469084290915,0.7222110888058386,0.7224932822861156,0.7226344048602624,0.7227049726072171,0.7227402580958371,0.7227579012439547,0.7227667229189679,0.7227711337817136,0.7227733392193962
0.3697142475578392,2.01,0.6844473192795346,0.7018991167038987,0.7107339952021364,0.7151772677959233,0.7174054064500139,0.7185211069180943,0.7190793656341219,0.719358597199883,0.719498238545617,0.7195680656105623,0.7196029807412251,0.7196204387061254,0.7196291677884707,0.7196335323546169,0.7196357146439339
0.3787519451706071,2.06,0.681423271032833,0.6986907785714888,0.7074308851519101,0.7118264945654258,0.7140307318753704,0.7151344641740542,0.7156867344235789,0.7159629706597013,0.7161011140664018,0.716170192093262,0.7162047326877389,0.7162220033802601,0.716230638825344,0.716234956572592,0.7162371154523925
0.3875667067400874,2.11,0.678172348635519,0.6952535661454582,0.7038982400981353,0.7082458540788146,0.7104260234334138,0.711517704135131,0.7120639441738229,0.7123371642004991,0.7124737992263511,0.7125421229937415,0.7125762864412196,0.7125933685559256,0.7126019097110224,0.7126061803130076,0.7126083156201091
0.3961644302820655,2.1599999999999997,0.6747207888114504,0.6916145477721688,0.7001634669688092,0.7044629235339624,0.7066189437055556,0.7076985321370124,0.708238721613333,0.7085089152510679,0.708644036805392,0.7087116037677392,0.7087453887953742,0.7087622816958277,0.7087707282427161,0.7087749515403261,0.7087770631951724
0.40455103773789214,2.21,0.6710923530374678,0.6877981784767031,0.6962513092660157,0.7005025915075921,0.7026344540178247,0.7037019459336367,0.7042360827233399,0.7045032489096215,0.7046368564610642,0.7047036663526675,0.7047370728276027,0.704753776447374,0.7047621283528385,0.7047663043294653,0.7047683923237528
0.4127324353721584,2.26,0.667308567322893,0.6838265629085813,0.6921841168724446,0.6963873312110558,0.6984950894262071,0.6995505115485813,0.7000786090225545,0.7003427544452739,0.7004748513383936,0.7005409058316847,0.7005739345901745,0.7005904493474008,0.7005987068205115,0.7006028355806918,0.7006048999666883
0.4207144818306733,2.31,0.6633889373205217,0.6797196893321829,0.6879820859513965,0.6921374433616204,0.6942212030778576,0.6952646083823278,0.6957866930477328,0.6960478309653245,0.6961784238305517,0.6962437262410497,0.6962763789409298,0.6962927056645472,0.696300869119778,0.6963049508707491,0.6963069917520737
0.428502962584536,2.36,0.6593511414383879,0.6754956382066679,0.6836634726191242,0.6877712724153856,0.6898311837280212,0.6908626473721227,0.691378756835244,0.6916369060577353,0.6917660043018058,0.6918305593333093,0.6918628383265858,0.6918789781926251,0.6918870482179973,0.6918910832537719,0.6918931007774315
0.4361035696942466,2.41,0.6552112043249306,0.6711707684107656,0.6792447835602088,0.6833053993904464,0.6853416496702969,0.6863612654766056,0.6868714466830818,0.6871266306918868,0.6872542460576572,0.6873180595821319,0.6873499678049227,0.6873659222814759,0.6873738996110444,0.687377888298652,0.6873798826481616
0.44352188600155956,2.46,0.6509836528374899,0.666759883756742,0.6747409463293292,0.6787548140734063,0.6807676218983032,0.6817754993157481,0.6822798070301151,0.6825320532175283,0.6826581994036536,0.6827212782710542,0.6827528191484932,0.6827685899481666,0.6827764754382443,0.6827804182058435,0.6827823895952833
0.45076337300192126,2.51,0.6466816563708254,0.6622763820903325,0.6701654617211644,0.6741330690336704,0.676122678944565,0.6771189404226412,0.6776174359144781,0.6778667749265065,0.6779914672587957,0.6780538191327282,0.6780849964967938,0.6781005855356205,0.6781083801442348,0.6781122774708424,0.6781142261397213
0.45783336177161427,2.56,0.6423171532148836,0.6577323889776502,0.6655305402822437,0.6694524175559214,0.6714190955253794,0.6724038742450786,0.6728966241536418,0.6731430893221141,0.673266344469533,0.6733279776852432,0.6733587957037492,0.6733742050656837,0.6733819098348238,0.6733857622414371,0.6733876884502548
0.46473704642516783,2.61,0.6379009644261537,0.653138877726814,0.6608472247748614,0.6647239373322474,0.666667966848844,0.6676414047619861,0.668128480115157,0.6683721069670178,0.6684939426962911,0.6685548661379549,0.6685853292531923,0.6686005611594311,0.6686081771997079,0.6686119852416357,0.6686138892680471
0.4714794796634777,2.66,0.6334428965325253,0.6485057772744065,0.6561255001765762,0.6599576415242936,0.6618793202098898,0.6628415663452834,0.663323041712029,0.6635638675454141,0.6636843025090245,0.6637445255037366,0.6637746383794667,0.6637896951619435,0.6637972236393372,0.6638009878995732,0.663802870035076
0.47806557004417005,2.71,0.6289518342452189,0.6438420692790012,0.6513743926032965,0.6551625786064388,0.6570622152948495,0.6580134242954886,0.6584893770539241,0.6587274405720575,0.6588464941251603,0.6589060263513844,0.6589357938270601,0.6589506779055573,0.6589581200299729,0.6589618411134728,0.6589637016605456
0.4845000806653302,2.76,0.624435824221271,0.6391558756013118,0.6466020583746955,0.6503469222284594,0.6522248344439115,0.6531651653043576,0.653635675009975,0.6538710160051685,0.6539887080475616,0.6540475594561082,0.6540769865073627,0.6540917003697533,0.6540990573851415,0.6541027359138842,0.6541045751835177
0.4907876290036956,2.81,0.6199021508046997,0.6344545372094591,0.6418158642940575,0.6455180521866674,0.6473745639689151,0.6483041789462631,0.6487693267870157,0.64900198586811,0.649118336707932,0.6491765174537992,0.6492056091583641,0.6492201553435721,0.6492274285194098,0.6492310651281373,0.6492328834377034
0.4969326876903585,2.86,0.6153574045719717,0.6297446854249878,0.6370224600869998,0.6406826274624603,0.6425180674926929,0.6434371311681534,0.6438969994949032,0.644127017852406,0.6442420480886818,0.6442995684723253,0.644328329980664,0.6443427110639804,0.6443499016879274,0.6443534970204733,0.6443552946918895
0.5029395860422625,2.91,0.6108075444166978,0.6250323063183255,0.6322278438324964,0.6358466521741484,0.6376613521620608,0.6385700306333141,0.6390247025557132,0.6392521217596667,0.6393658521812228,0.6394227225980076,0.6394511591080405,0.6394653776884845,0.6394724870600658,0.6394760417661963,0.6394778191243466
0.5088125121973881,2.96,0.6062579538279559,0.6203227989688694,0.6274374211226201,0.6310155351891495,0.6328098284869025,0.6337082886740643,0.6341578477132838,0.6343827095395648,0.6344951610381638,0.6345513919349275,0.6345795086703128,0.6345935673597735,0.6346005967849478,0.6346041115176465,0.6346058688890236
0.5145555157264252,3.01,0.6017134919455808,0.615621028223337,0.6226560586029075,0.626194144057643,0.6279683644710425,0.628856773521383,0.629301303312254,0.6295236495935903,0.6296348430894262,0.6296904449272231,0.6297182471187273,0.6297321485326477,0.6297390993191521,0.6297425747322907,0.6297443124438314
0.5201725106146866,3.06,0.5971785399125173,0.610931372514313,0.6178881324709756,0.6213868538532076,0.6231413346243956,0.6240198594029406,0.6244594434390689,0.6246793159375496,0.62478927231549,0.6248442555377101,0.6248717484072669,0.624885495156674,0.6248923686100367,0.6248958053563831,0.6248975237344726
0.5256672785256501,3.11,0.5926570429885586,0.6062577672382466,0.6131375724461773,0.6165975914400351,0.6183326643793944,0.6192014710342418,0.6196361924505068,0.6198536327487923,0.6199623728039739,0.6200167478091377,0.6200439365562456,0.6200575312409476,0.620064328661088,0.6200677273906054,0.6200694267602261
0.5310434722723685,3.16,0.5881525488403593,0.6016037441370828,0.6084079016661398,0.6118298756284242,0.6135458703763408,0.6144051239690018,0.6148350653565915,0.6150501147653968,0.6151576591569593,0.6152114362755818,0.6152383260657349,0.6152517712685384,0.6152584939468738,0.6152618553052752,0.6152635359892844
0.5363046194354933,3.21,0.5836682423786993,0.5969724670791565,0.6037022729158722,0.6070868536293066,0.6087840970309705,0.6096339612233116,0.6100592044730796,0.6102719039528245,0.6103782731647273,0.6104314626397263,0.6104580585946177,0.6104713568764276,0.6104780060934256,0.6104813307209481,0.6104829930394653
0.5414541260771922,3.26,0.5792069774750372,0.5923667645922257,0.5990235015510149,0.6023713341737427,0.6040501497523594,0.6048907865428235,0.6053114127133021,0.605521802808093,0.6056270171161012,0.6056796290862873,0.6057059362755544,0.6057190901712475,0.6057256671943609,0.6057289557247346,0.6057305999946258
0.5464952805091104,3.31,0.574771305855114,0.5877891594640556,0.5943740954381521,0.5976858176240928,0.5993465251397745,0.6001780946425024,0.6005941838493835,0.6008023046317341,0.6009063840757732,0.6009584285620262,0.6009844519963383,0.6009974640113066,0.601003970093246,0.6010072231528296,0.6010088496872749
0.551431257080004,3.36,0.5703635034364396,0.5832418956924017,0.589756282200545,0.5930325233684899,0.5946754384517325,0.5954980987130342,0.5959097300373369,0.5961156210622354,0.5962185854234204,0.5962700723172033,0.5962958169425185,0.5963086895497977,0.5963151259270946,0.5963183441341577,0.5963199532422929
0.5562651199549542,3.41,0.5659855943494636,0.5787269630369941,0.585172034027523,0.5884134147596849,0.5900388486097641,0.5908527554570951,0.591260006869599,0.59146370713671,0.5915655759184439,0.5916165149723512,0.5916419856651896,0.5916547213030954,0.5916610891949221,0.5916642731590539,0.5916658651456747
0.5609998268633741,3.46,0.5616393728579467,0.5742461193999947,0.58062309027889,0.5838302218320832,0.5854384809719286,0.5862437878911484,0.5866467361909775,0.586848284113924,0.5869490765265345,0.5869994773466094,0.5870246789102124,0.5870372799804209,0.5870435805876287,0.5870467309092587,0.5870483060745804
0.5656382327974606,3.51,0.5573264233724081,0.5698009112381788,0.5761109780918487,0.5792844620066103,0.5808758480867932,0.581672706124015,0.5820714268895276,0.5822708602713255,0.5823705952197815,0.5824204672593737,0.582445404420633,0.5824578732866436,0.5824641077909959,0.5824672250610092,0.5824687837004751
0.5701830936464881,3.56,0.5530481387313716,0.5653926921896426,0.5716370311769265,0.5747774589717402,0.5763522686171394,0.5771408263019514,0.577535393852321,0.5777327498661639,0.5778314459404653,0.5778807984954257,0.5779054759024792,0.5779178148884143,0.5779239844519858,0.5779270692514228,0.5779286116555541
0.5746370697554741,3.61,0.5488057369078743,0.5610226400794357,0.5672024069705189,0.570310359909925,0.5718688846034418,0.5726492878906786,0.57303977525676,0.5732350904314459,0.5733327658993357,0.5733816081043724,0.5734060303247831,0.5734182417144764,0.5734243474791969,0.5734274003790258,0.5734289268333075
0.5790027293993755,3.66,0.5446002762834196,0.5566917724523073,0.5628081022950311,0.5658841512218052,0.5674266772202072,0.5681990694478111,0.5685855483510545,0.5687788585604394,0.56887553136213,0.56892387218817,0.5689480437076068,0.5689601297439442,0.5689661728312695,0.5689691943922214,0.5689707051770199
0.5832825521661683,3.71,0.5404326696177553,0.5524009607661231,0.5584549676626106,0.5614996728854246,0.5630264811630115,0.5637910030238235,0.5641735438621601,0.5643648843180984,0.5644605720627404,0.5645084203151651,0.5645323455365202,0.5645443084209982,0.5645502899316891,0.5645532807041478,0.5645547760946554
0.587478932244,3.76,0.5363036968306355,0.5481509433666079,0.5541437203452557,0.5571576315742984,0.5586689977906183,0.5594257873162134,0.5598044591559669,0.5599938644042655,0.5600885843679246,0.5601359486855579,0.5601596319284412,0.5601714738209138,0.5601773948349099,0.5601803553588479,0.560181835625052
0.5915941816091232,3.81,0.5322140167006058,0.5439423373523489,0.5498749563220888,0.5528586126460635,0.5543548071343788,0.5551039996892891,0.5554788702622855,0.5556663741812576,0.5557601433061925,0.555807032160939,0.5558304776614965,0.5558422006800856,0.5558480622564596,0.5558509930614166,0.5558524584680877
0.5956305331125867,3.86,0.5281641775760599,0.5397756494286949,0.545649161204054,0.5486030911027822,0.5500843788763882,0.5508261071612686,0.5511972428664198,0.5513828786676781,0.5514757135627354,0.5515221352597786,0.5515453471707921,0.5515569533919362,0.5515627565689194,0.5515656581740138,0.5515671089807118
0.5995901434647024,3.91,0.5241546271848402,0.5356512858397721,0.5414667202266791,0.5443914416142538,0.5458580823881206,0.5465924764505841,0.5469599423593098,0.5471437425904776,0.5472356595324483,0.547281622210929,0.5473046046021555,0.5473160960607794,0.5473218418558458,0.5473247147698176,0.5473261512309133
0.6034750961171595,3.96,0.520185721620649,0.5315695614594497,0.5373279273929791,0.5402239476870407,0.5416761959125509,0.5424033831645633,0.5427672430294949,0.5429492395785599,0.5430402545143572,0.543085766148462,0.543108523007177,0.5431199016969641,0.5431255911069669,0.5431284358282457,0.5431298581929546
0.6072874040433655,4.01,0.5162577335774438,0.5275307081146728,0.5332329938410072,0.5361008100542561,0.5375389149650952,0.5382590202059544,0.5386193364724329,0.5387995605734982,0.5388896891230331,0.5389347575234322,0.5389572927551499,0.5389685606289021,0.5389741946302532,0.5389770116470476,0.5389784201594746
0.6110290124181479,4.06,0.5123708598963352,0.5235348822076409,0.5291820555034853,0.5320221543540307,0.5334463600215238,0.5341595054655685,0.534516339285508,0.5346948215257268,0.5347840789853759,0.5348287118009581,0.5348510292302977,0.5348621882003683,0.5348677677492555,0.5348705575396621,0.5348719524388564
0.6147018011984189,4.11,0.5085252284838023,0.5195821716973507,0.5251751801208739,0.5279880381584383,0.5293985835548366,0.5301048888631356,0.5304583001108809,0.5306350704383874,0.5307234717849598,0.530767676504815,0.5307897798764929,0.5308008318152829,0.5308063578479174,0.5308091208800447,0.5308105024000608
0.6183075876067515,4.16,0.5047209046546346,0.5156726024954225,0.5212123736635339,0.5239984574089023,0.5253955764773115,0.5260951587926789,0.526445206082526,0.5266202938151993,0.5267078537103184,0.5267516376659294,0.5267735306458551,0.526784477386361,0.5267899508192516,0.5267926875513564,0.5267940559213238
0.6218481285201086,4.21,0.5009578969482936,0.5118061443262094,0.5172935862136251,0.5200533523090524,0.521437274038857,0.5221302480236201,0.5224769887287126,0.5226504225636289,0.5227371553584599,0.5227805257260664,0.5228022119025233,0.5228130552389287,0.522818476969177,0.5228211878498129,0.5228225432940089
0.6253251227661717,4.26,0.4972361624630584,0.507982716096706,0.5134187173528287,0.5161526127214067,0.5175235612281863,0.5182100391042018,0.5185535293765552,0.5187253374000026,0.5188112571402607,0.5188542209433631,0.5188757038282628,0.5188864455165628,0.5188918164221771,0.5188945018903505,0.5188958446282788
0.6287402133298798,4.31,0.493555611748361,0.5042021908176764,0.5095876210978125,0.512296083110046,0.5136542777191077,0.5143343693095895,0.5146746641010193,0.514844873798966,0.5149299942301517,0.5149725583421296,0.5149938413723191,0.5150044831309769,0.5150098040711982,0.515012464556532,0.5150137948030049
0.632094989472897,4.36,0.4899161132922256,0.5004644001137982,0.5058001104216732,0.5084835670677401,0.5098292224004994,0.5105030351732721,0.5108401882570368,0.5110088265259576,0.5110931610987701,0.511135332245589,0.5111564187842048,0.5111669622948272,0.5111722341104685,0.5111748700333719,0.5111761879985943
0.6353909887688034,4.41,0.48631749763746296,0.4967691383572586,0.50205596139618,0.5047148314625389,0.5060481575250838,0.5067157966369291,0.5070498606299197,0.5072169537878932,0.5073005156637816,0.5073423004267684,0.5073631937646246,0.507373640672656,0.5073788641864492,0.5073814759582904,0.507382781847947
0.6386296990568434,4.46,0.4827595611573771,0.49311616645624146,0.4983549169866006,0.5009896102357878,0.5023108125090386,0.5029723808508422,0.5033034072361723,0.5034689810341806,0.5035517830909936,0.5035931879096618,0.5036138912666625,0.5036242431820922,0.5036294191990409,0.503632007222324,0.5036333012376678
0.6418125603170778,4.51,0.4792420695190832,0.48950521532700847,0.4946966905281107,0.4973076078807123,0.4986168874116756,0.4992724856541198,0.4996005248039882,0.4997646044373534,0.4998466592750583,0.49988769044996845,0.4999082069765382,0.4999184654746144,0.4999235947823518,0.49992615945089547,0.49992744178883625
0.6449409664697823,4.56,0.47576476086010827,0.485935989075776,0.4910809689102527,0.49366850262817713,0.49496605612184863,0.49561578276143214,0.4959408839601499,0.4961034940800505,0.49618481402649334,0.49622547772213277,0.4962458105006565,0.4962559771226068,0.4962610604917554,0.4962636021908734,0.4962648730440683
0.6480162671019076,4.61,0.4723273487018006,0.48240816791438285,0.48750741549367355,0.49007194936396037,0.49135796927549946,0.49200192068069165,0.492324132147776,0.4924852968727987,0.4925658939894808,0.4926061962371525,0.49262634828341956,0.49263642453717305,0.4926414627217065,0.49264398182838753,0.4926452413853315
0.6510397691233756,4.66,0.4689295246210196,0.47892141083162554,0.4839756727812221,0.4865175822997329,0.4877922569265766,0.4884305273839418,0.48874989629719506,0.4889096392248787,0.48898952531272977,0.4890294720134386,0.48904944627808644,0.489059433638996,0.4890644273765987,0.4890669242596872,0.4890681727048033
0.6540127383559377,4.71,0.46557096069978926,0.47547535804031393,0.4804853648636406,0.48300501741806234,0.4842685309916943,0.4849012127518439,0.48521778527034687,0.48537612948868275,0.48545531609381204,0.485494913021141,0.48551471239109356,0.48552461230265387,0.4855295623150816,0.48553203733545747,0.485533274849186
0.6569364010572601,4.76,0.4622513117709796,0.472069633218423,0.4770360996583832,0.4795338547100594,0.48078638748719255,0.4814135708104422,0.4817273920973991,0.48188436019625774,0.4819628586156686,0.4820021114186369,0.48202173871853277,0.48203155259309544,0.48203645958653213,0.4820389130972893,0.48204013985617783
0.6598119453828326,4.8100000000000005,0.458970217476492,0.468703845561101,0.4736274709584668,0.47610368022263916,0.47734540857559987,0.47796718177722874,0.47827829602261307,0.4784339101050717,0.47851173139232644,0.4785506455982209,0.4785701035918299,0.4785798328113118,0.4785846974767236,0.4785871298233474,0.4785883460001387
0.6626405227882268,4.86,0.45572730415313106,0.4653775916589624,0.4702590603068994,0.47271406793100823,0.47394516443714685,0.4745616139321678,0.4748700643751243,0.47502434606867194,0.4751015010394948,0.47514008205667246,0.4751593734482974,0.47516901936488054,0.47517384237836646,0.4751762538989079,0.4751774596626285
0.6654232493741541,4.91,0.4525221865600135,0.4620904572167324,0.46693043871086876,0.46936458145061,0.4705852149805876,0.47119642532795564,0.4715022542789207,0.47165522474652183,0.47173172398433216,0.47176997710498764,0.47178910454084655,0.4717986684776703,0.4718034505008075,0.4718058415260573,0.47180703704210275
0.6681612071766934,4.96,0.4493544694602911,0.4588420186252115,0.46364116820874984,0.46605477560164055,0.46726511140646576,0.46787116535265927,0.46817441421516764,0.4683260941661697,0.4684019480275373,0.4684398784304295,0.4684588445000203,0.4684683277518634,0.4684730694320486,0.46847544028570703,0.4684766257159278
0.6708554454049792,5.01,0.4462237490688702,0.4556318443984109,0.4603908033018692,0.46278419783811153,0.4639843976348224,0.4645853761567478,0.46488608544889987,0.46503649514977125,0.46511171376978594,0.4651493265229234,0.4651681337603666,0.46517753759431824,0.465182239565103,0.4651845905639479,0.4651857660667334
0.6735069816285606,5.0600000000000005,0.4431296143768331,0.4524594964867098,0.4571788922619521,0.45955238955242483,0.4607426116083302,0.46133859395550386,0.4616368033310728,0.4617859626159601,0.46186055591351083,0.461897855976792,0.4619165068621503,0.46192583251827035,0.4619304953996919,0.4619328268537433,0.4619339925841041
0.6761168029165586,5.11,0.44007164836247525,0.44932453147608165,0.454004978324359,0.456358887265598,0.4575392864810095,0.4581303502169843,0.4584260984861441,0.4585740267672399,0.4586480044501998,0.45868499667800605,0.4587034936385811,0.45871274233054793,0.45871736672945257,0.45871967894213533,0.45872083505178446
0.6786858669306721,5.16,0.43704942909796807,0.4462265016825065,0.4508686007762942,0.45320322371235133,0.45437395170174966,0.45496017274475736,0.45525349789441943,0.4554002141721341,0.4554735857424479,0.45551027488618634,0.45552862029779057,0.4555377932135376,0.4555423797238987,0.4555446729922015,0.45554581962963336
0.6812151029740002,5.21,0.43406253075999945,0.44316495615002705,0.4477692959484865,0.450084928829583,0.4512461340011768,0.4518275866639661,0.45211852587771223,0.45226404875064424,0.45233682350931403,0.4523732142199112,0.4523914104081146,0.4524005087104534,0.4524050579136836,0.4524073325283139,0.45240846983888305
0.6837054129975713,5.26,0.43111052455202814,0.4401394415601681,0.44470659811810803,0.4470035306560194,0.4481553582896647,0.44873211531851787,0.449020704996123,0.4491650526708241,0.44923723972279256,0.4492733365531369,0.4492913857944873,0.44930041062171816,0.4493049230869738,0.44930717933251196,0.4493083074585086
0.6861576725663937,5.3100000000000005,0.42819297954520136,0.4371495030598448,0.4416800403300972,0.4439585561502242,0.44510114847368326,0.4456732810866011,0.44595955686314037,0.4461027471636723,0.44617435542260175,0.4462101628299324,0.4462280673531518,0.4462370198196608,0.44624149610414166,0.4462437342591888,0.446244853339914
0.6885727317867689,5.36,0.42530946344439635,0.43419468501428715,0.4386891551434433,0.44094953193354536,0.44208302819706957,0.4426506061211185,0.44293460288565345,0.44307665326293455,0.44314769145588195,0.44318321380412673,0.4432009757912788,0.443209856988123,0.44321429763736364,0.4432165179746886,0.4432176281465274
0.6909514161965312,5.41,0.4224595432853582,0.4312745316910118,0.4357334753084918,0.4379759849640665,0.4391005215133011,0.439663613021117,0.43994536493496184,0.44008629247590364,0.44015676914788887,0.4401920107099489,0.44020963229758214,0.44021844329306015,0.4402228488412159,0.4402250516278982,0.4402261530243904
0.6932945276198125,5.46,0.4196427860683873,0.42838858788034134,0.43281253438080086,0.43503744314711373,0.43615315349431844,0.436711825439771,0.43699136595433713,0.4371311873907696,0.4372011109092396,0.4372360758692214,0.4372535591494846,0.437262300989695,0.43726667195982116,0.4372688574573896,0.43726995020930026
0.6956028449878605,5.51,0.41685875933365285,0.4255363994575928,0.42992586727668686,0.43213343588745934,0.4332404507810565,0.433794768634073,0.4340721305082941,0.4342108622256818,0.4342802407848685,0.43431493324026343,0.4343322802619961,0.4343409539713818,0.4343452908757058,0.43434745934027563,0.43434854357566266
0.6978771251273717,5.5600000000000005,0.4141070316827461,0.4227175138915861,0.4270730107751324,0.42926349458790997,0.43036194208036627,0.43091196996092285,0.43118718527826244,0.4313248433242112,0.43139368494938685,0.43142810891319805,0.43144532168299365,0.4314539282648744,0.43145823160506197,0.4314603832874676,0.4314614591317485
0.7001181035177382,5.61,0.4113871732507904,0.41993148070382114,0.424253503970417,0.4264271530986464,0.4275171586127049,0.42806295932399047,0.4283360595090369,0.42847265960159403,0.42854097215322134,0.42857513155604005,0.4285922120392841,0.42860075247637525,0.4286050227437894,0.4286071578897138,0.4286082254657303
0.7023264950185456,5.66,0.4086987561330081,0.41717785188224854,0.4214668886794162,0.4236239481212665,0.4247056345145457,0.4252472695753091,0.4255182854099602,0.4256538429457101,0.4257216341234908,0.42575553281552025,0.42577248293740266,0.42578095819232115,0.4257851958682759,0.4257873147183775,0.4257883741464592
0.7045029945686018,5.71,0.40604135476941106,0.4144561822533293,0.41871270980726727,0.4208534195712361,0.42192690719921655,0.4224644368753064,0.42273339851455066,0.42286792857650884,0.42293520592333117,0.42296884767636106,0.4229856693228628,0.42299408033862057,0.4229982858946277,0.4230003886846633,0.4230014400826892
0.7066482778577162,5.76,0.4034145462909296,0.41176602981571037,0.41599051567474643,0.41811511090209785,0.4191805176795209,0.41971400101462886,0.41998093800192954,0.42011445536723635,0.42018122627302357,0.4202146147823534,0.420231309801209,0.4202396575016946,0.42024383139970334,0.4202459183606491,0.42024696184410754
0.7087630019724,5.8100000000000005,0.40081791083009954,0.4091069560386587,0.4132998583105018,0.41540856939458665,0.4164660108552888,0.4169955057009111,0.4172604469831972,0.41739296613061677,0.41745923783607636,0.4174923767223914,0.41750894692402635,0.41751723221447334,0.4175213749071054,0.4175234462652737,0.417524481947321
0.7108478060166,5.86,0.39825103179912086,0.4064785261280763,0.41064029371097654,0.41273334641348774,0.41378293576869823,0.4143084988133279,0.41457147275560047,0.4147030078728265,0.41476878747310414,0.4148016802843022,0.4148181274427466,0.41482635121018996,0.4148304631409684,0.4148325191181218,0.4148335471096396
0.7129033117085338,5.91,0.39571349613792417,0.403880309262745,0.4080113820706721,0.4100889976348926,0.41113084583002385,0.4116525326275859,0.411913567027147,0.41204413201791973,0.41210942646615856,0.41214207667912944,0.4121584025329075,0.4121665656466297,0.41217064725020036,0.4121726880636631,0.4121737084733139
0.7149301239546435,5.96,0.3932048945346694,0.4013118788032335,0.40541268798519126,0.4074750832462929,0.40850929901625027,0.40902716401379835,0.4092862861141093,0.40941589460514716,0.40948071071595377,0.40951312173831256,0.40952932799131014,0.4095374313032733,0.4095414830056222,0.40954350886838864,0.4095445218026699
0.7169288314016398,6.01,0.390724821620896,0.3987728124756939,0.40284378062929144,0.4048911681217439,0.40591785804478847,0.40643195460947545,0.4066891911136513,0.40681785646140084,0.4068822009142211,0.4069143760859967,0.4069304644083045,0.40693850875357324,0.40694253097223754,0.40694454209307734,0.40694554765637414
0.7189000069675653,6.0600000000000005,0.3882728761433858,0.3962626925326123,0.40030423391201225,0.40233682197416654,0.4033560905243591,0.40386647096969713,0.4041218480536471,0.40424958335085526,0.4043134626932613,0.4043454052885394,0.40436137731727534,0.40436936351442726,0.4043733566587004,0.40437535324226137,0.404376351536898
0.7208442083527631,6.11,0.3858486611146358,0.39378110589241494,0.397793626610786,0.399811619486692,0.40082356908495115,0.40133028469637827,0.401583828021598,0.4017106461037109,0.4017740667546008,0.4018057799831242,0.4018216373232331,0.40182956617475896,0.401833530645891,0.40183551289279934,0.40183650401908927
0.7227619785315977,6.16,0.3834517839437039,0.3913276442596962,0.39531154248629363,0.39731514042481625,0.3983198714886218,0.3988229725483898,0.3990747072744147,0.39920062072580614,0.39926358897851905,0.3992950759872455,0.3993108202122781,0.39931869250497143,0.39932262869636354,0.399324596803321,0.3993255808596152
0.7246538462257387,6.21,0.3810818565490223,0.38890190422766213,0.39285757037966185,0.39484696973096,0.39584458072273293,0.39634411653413326,0.39659406733066,0.39671908849069504,0.396781610516043,0.39681287439066093,0.3968285070435322,0.39683632354886794,0.39684023184626216,0.39684218600614085,0.3968431630888757
0.7265203263597741,6.26,0.37873849545469646,0.3865034873643089,0.3904313042935239,0.39240669760295355,0.39339728507714566,0.39389330398808803,0.394141495046773,0.3942656360157087,0.39432771786492815,0.39435876163133265,0.3943742842250595,0.3943820456995635,0.3943859264812269,0.3943878668831615,0.39438883708690464
0.7283619204998981,6.3100000000000005,0.376421321871641,0.3841320002836893,0.38803234345829035,0.3899939195577974,0.39097757820672085,0.3914701276326825,0.3917165826786238,0.39183985532335314,0.3919015029309767,0.3919323295567059,0.3919477435751252,0.3919554507607329,0.3919593043976375,0.3919612312271151,0.3919621946446103
0.730179117276371,6.36,0.3741299617648391,0.38178705470354546,0.38566029238491545,0.38760823648197873,0.3885850591804085,0.38907418562676716,0.3893189279296803,0.38944134388932133,0.3895025630759736,0.3895331754716061,0.38954848237007383,0.38955613599448,0.3895599628504773,0.3895618762894246,0.38956283301163547
0.7319723927904281,6.41,0.37186404590790256,0.3794682674904915,0.38331476090533345,0.3852492546695229,0.386219332518102,0.38670508160187056,0.3869481339869635,0.38706970467829893,0.3871305011534166,0.3871609021739322,0.3871761033800035,0.38718370415700193,0.3871875045889929,0.3871894048158615,0.38719035493201415
0.7337422110062789,6.46,0.36962320992598324,0.37717526069378743,0.3809953642016118,0.3829165858488216,0.3838800082163005,0.3843624246872782,0.38460380954583434,0.38472454616860535,0.38478492553308424,0.3848151179791872,0.3848302148932784,0.3848377635230933,0.3848415378811941,0.38484342507104297,0.38484436866866706
0.7354890241288091,6.51,0.36740709432808843,0.3749076615687573,0.3787017228248678,0.3806098471992859,0.38156670176362834,0.38204582952498284,0.3822855688246598,0.3824054823667172,0.3824654501154885,0.3824954367348961,0.38251043073092866,0.38251792790053635,0.3825216765282391,0.3825235508528154,0.38252448801778477
0.7372132729675749,6.5600000000000005,0.3652153445296684,0.372665102590716,0.3764334627048148,0.3783286613586891,0.37927903414707087,0.3797549162753675,0.37999303157021935,0.38011213281253636,0.38017169433707376,0.3802014778257695,0.38021637025179694,0.3802238166352396,0.3802275398695693,0.38022940149738643,0.38023033231395803
0.7389153872876445,6.61,0.3630476108663632,0.37044722146028636,0.37419021515081496,0.3760726564220748,0.3770166318498091,0.3774893106145018,0.37772582305473124,0.37784412257628136,0.37790328316704,0.37793286617049376,0.37794765834931143,0.3779550546080021,0.377958752779669,0.37796060187608294,0.377961526426935
0.7405957861478294,6.66,0.3609035485996773,0.36825366110087343,0.3719716168452046,0.3738414659329969,0.3747791268414118,0.37524864372380984,0.3754835740652586,0.37560108224776295,0.37565984709655387,0.37568923221090866,0.37570392544064757,0.3757112722236665,0.37571494565721436,0.37571678238449807,0.3757177007507674
0.7422548782268097,6.71,0.3587828179153147,0.36608406964902174,0.36977730982961765,0.3716347288678121,0.37256615656111153,0.373032552272837,0.3732659208862215,0.3733826479187677,0.3734410221210676,0.3734702118942948,0.37348480744899915,0.373492105393383,0.37349575440733385,0.37349757892474916,0.3734984911860668
0.7438930621376464,6.76,0.3566850839148373,0.3639381004383163,0.3676069414849612,0.36945208961368325,0.37037736389481796,0.37084067839576684,0.3710725052756656,0.37118846115920334,0.3712464497164026,0.37127544664942663,0.3712899457796156,0.3712971955106383,0.3713008204176328,0.3713026328815009,0.3713035391160277
0.7455107267311476,6.8100000000000005,0.35461001660127495,0.3618154119774503,0.36546016450566793,0.36729319794091186,0.36821239714648785,0.3686726696623107,0.36890297443591,0.36901816898762624,0.36907577680921677,0.36910458335700835,0.36911898729022374,0.36912618942167,0.369129790528604,0.3691315910923738,0.3691324913768344
0.747108251388534,6.86,0.35255729085924126,0.3597156679230072,0.36333663686876916,0.36515770897014654,0.36607091000439823,0.36652817904351115,0.36675698097911796,0.36687142383669363,0.36692865574239847,0.36695727431503966,0.3669715842563775,0.3669787393908094,0.3669823169989672,0.3669841058132816,0.36698500022299785
0.7486860063038305,6.91,0.3505265864300942,0.35763853704749465,0.3612360217983237,0.36304528313499795,0.36395256150285216,0.36440686487299295,0.36463418288831845,0.3647478835140726,0.36480474423591747,0.3648331771996378,0.36484739433226704,0.36485450306128253,0.3648580574664666,0.36485983467922783,0.3648607232881507
0.7502443527563947,6.96,0.3485175878826127,0.3555836932030941,0.3591579877256625,0.3609555861405214,0.3618570159797776,0.36230839080411964,0.362534243474342,0.3626472111592647,0.3627037053435952,0.3627319550217801,0.36274608050744644,0.3627531434119318,0.36275667490458857,0.3627584406610207,0.36275932354176255
0.7517836433739692,7.01,0.34652998457966044,0.35355081528159277,0.3571022082459172,0.3588882889180334,0.35978394303068495,0.3602324257635207,0.360456831329133,0.3605690751968101,0.36062520740625453,0.3606532760804269,0.3606673110599443,0.3606743287103194,0.36067783757566213,0.3606795920183723,0.36068046924223723
0.7533042223866342,7.0600000000000005,0.3445634706412105,0.3515395871708694,0.3550683620711961,0.3568430675766235,0.3577330174593451,0.3581786439013523,0.3584016202758004,0.35851314928623484,0.3585689240016147,0.3585968139123906,0.3586107595061182,0.3586177324625754,0.3586212189807034,0.3586229622497424,0.3586238338867557
0.754806425872015,7.11,0.34261774490415037,0.34954969770834365,0.3530561329808203,0.35481960335177337,0.35570391922559774,0.35614672453869867,0.3563682893158177,0.35647911226914786,0.35653453389133816,0.3565622472393563,0.35657610454766403,0.3565830333604008,0.3565864978064162,0.3565882300393357,0.35658909615827344
0.7562905819920889,7.16,0.3406925108791897,0.34758084063171163,0.35106520976893607,0.35281758255139994,0.35369633339060613,0.3541363521124342,0.3543565225736857,0.3544666481138064,0.35452172096554574,0.35454925991237357,0.3545630300160943,0.35456991522553977,0.3545733578696599,0.35457507920156933,0.35457593986998653
0.7577570112219157,7.21,0.33878747670520737,0.34563271452729555,0.3490952861898318,0.3508366964996454,0.35170995005988365,0.35214721611786526,0.3523660092393841,0.35247544585747065,0.3525301741851241,0.35255754085413854,0.35257122481500935,0.3525780669520442,0.35258148805971246,0.3525831986233345,0.35258405390759234
0.759206026570607,7.26,0.33690235510132427,0.34370502277629267,0.34714606090123945,0.3488766414786981,0.3497444643243701,0.3501790110494357,0.35039644350889,0.35050519954683024,0.35055958752210525,0.35058678399935084,0.350600382860442,0.35060718244661304,0.3506105822786059,0.35061228220432933,0.3506131321696228
0.7606379337948319,7.3100000000000005,0.3350368633169844,0.3417974734991974,0.3452172374058957,0.3469371186689135,0.34779957619983176,0.3482314363397644,0.3484475245230355,0.34855560817676984,0.34860965989838716,0.3486366882334118,0.34865020301954414,0.3486569605672735,0.34866033937980523,0.3486620287957377,0.3486628735061208
0.7620530316051488,7.36,0.3331907230802953,0.3399097794986467,0.3433085239916066,0.34501783408748127,0.3458749905648272,0.34630419629726095,0.34651895630494695,0.3466263756277221,0.34668009512304215,0.3467069573297105,0.34672038904786245,0.346727105060651,0.34673046310547456,0.34673214213749365,0.3467329816559051
0.7634516118654326,7.41,0.33136366054484195,0.338041658200897,0.34141963367002554,0.3431184985258446,0.3439704170974456,0.34439700004252244,0.34461044769627097,0.3447172106018076,0.3447706018284153,0.34479729988570096,0.34481064952540447,0.3448173244980296,0.34482066202253653,0.34482233079433866,0.34482316518262696
0.7648339597856666,7.46,0.3295554062352158,0.33619283159616814,0.33955028411437427,0.3412388274861035,0.3420855702110488,0.34250956144374467,0.3427217122924209,0.3428278265579982,0.34288089340524514,0.342907429258002,0.34292069779172857,0.3429273322104371,0.3429306494577536,0.3429323080909025,0.3429331374098497
0.766200354108346,7.51,0.32776569499142644,0.33436302617802094,0.3377001975962733,0.3393785411165639,0.34022016898917795,0.34064159905130675,0.3408524683769998,0.3409579416464603,0.34101068793696737,0.3410370634966808,0.341050251880217,0.34105684622291293,0.3410601434319939,0.34106179204596787,0.3410626163553131
0.7675510672887358,7.5600000000000005,0.3259942659123896,0.3325519728819549,0.335869100921867,0.337537364146618,0.3383739371198103,0.3387928360317162,0.3390024388555891,0.3391072786422644,0.3391597081333855,0.3391859252789044,0.3391990344517175,0.3392055891881455,0.3392088665938659,0.3392105053061028,0.3392113246645654
0.768886365669215,7.61,0.324240862298657,0.3307594070233886,0.3340567253674007,0.33571502582111434,0.336546602829123,0.33696300010106883,0.3371713511890573,0.33727556487861876,0.33732768126386536,0.3373537418421147,0.33736677272770954,0.3373732883196324,0.3373765461528764,0.33737817507881895,0.3373789895441205
0.7702065096479271,7.66,0.3225052315945223,0.32898506823515256,0.33226280661438073,0.33391125983434355,0.3347378988148907,0.3351518234581515,0.3353589373265148,0.3354625321797497,0.3355143390901803,0.3355402449168554,0.3355531984231212,0.33555967532449416,0.33556291381224157,0.3355645330653807,0.3355653426942665
0.7715117538419503,7.71,0.3207871253296671,0.3272287004046555,0.3304870846844741,0.33212580426379795,0.33294756217967364,0.33335904271734484,0.3335649336380737,0.33366791679359015,0.3337194177991624,0.3337451706594057,0.33375804767895445,0.3337644863360935,0.3337677057015052,0.33376931539342164,0.33377012024168257
0.7728023472451888,7.76,0.31908629906045,0.3254900516108218,0.3287293038742446,0.3303584015038022,0.33117533436389257,0.33158439884141955,0.3317890808475046,0.33189145932436726,0.3319426579352561,0.3319682595843153,0.3319810609948113,0.3319874618465587,0.3319906623090582,0.3319922625494645,0.3319930626719569
0.7740785333811833,7.8100000000000005,0.3174025123109646,0.32376887406092225,0.32698921268984604,0.3286087981991294,0.32942096107890667,0.32982763707434415,0.33003112396490963,0.3301329046652071,0.33018380433308864,0.33020925649696015,0.3302219831614408,0.3302283466393251,0.3302315284146793,0.33023311931145943,0.3302339147621253
0.7753405504510246,7.86,0.31573552851397274,0.3220649240274021,0.3252665637817736,0.326876745178709,0.3276841922401966,0.3280885068742065,0.3282908122195129,0.3283920019308598,0.3284426060501627,0.3284679104262162,0.32848056319340524,0.3284868897217982,0.32849005302219514,0.3284916346814439,0.3284924255133308
0.7765886314765514,7.91,0.31408511495180164,0.3203779617847908,0.3235611138797556,0.3251619973895039,0.32596478190073386,0.32636676184632774,0.3265678989926464,0.32666850439062195,0.32671881629974675,0.32674397455733545,0.32675655426194783,0.32676284425821617,0.3267659892923419,0.32676756181840266,0.3267683480836826
0.7778230044390037,7.96,0.31245104269730134,0.3187077515467849,0.32187262372787745,0.32346431383064916,0.32426248818462444,0.3246621596766589,0.32486214175102324,0.32496216940154743,0.3250121923840555,0.32503720616511017,0.3250497136281487,0.3250559675028035,0.3250590944759157,0.3250606579714181,0.3250614397214059
0.779043892413296,8.01,0.31083308655493463,0.31705406140357467,0.32020085802000475,0.3217834574879169,0.3225770732210943,0.32297446206552577,0.32317330198036215,0.32327275834201225,0.32332249562778337,0.32334736654739177,0.3233598025764375,0.3233660207332783,0.3233691298472791,0.32337068441317474,0.32337146169834635
0.7802515136980716,8.06,0.3092310250020806,0.31541666325949247,0.3185455853355818,0.3201191952685858,0.32090830307889223,0.3213034346617983,0.3215011451194397,0.32160003654570785,0.3216494913120699,0.3216742209590413,0.32168658634853503,0.32169276918479156,0.32169586063829814,0.32169740637389616,0.3216981792439063
0.7814460819416836,8.11,0.30764464013060266,0.31379533277102817,0.31690657807585115,0.31847129793675627,0.3192559477011516,0.3196488469975253,0.3198454404946125,0.31994377323610673,0.31999294860893585,0.3200175385463516,0.3200298340778699,0.3200359819843392,0.32003905597275234,0.3200405929757536,0.3200413614794529
0.7826278062642578,8.16,0.3060737175887556,0.3121898492852856,0.31528361240056374,0.3168395400491831,0.31761978084078357,0.31801047242310754,0.31820596125487816,0.31830374146146867,0.31835264051626283,0.3183770922820127,0.31838931872453563,0.3183954320857166,0.3183984888012878,0.31840001716781874,0.3184007813532706
0.7837968913759663,8.21,0.3045180465234768,0.3105999957789208,0.3136764681652213,0.3152236998916649,0.3159995799964375,0.316388088043044,0.31658248430751645,0.3166797180304272,0.31672834379335246,0.31675265890065796,0.31676481701083087,0.3167708962050548,0.316773935836952,0.31677545566159704,0.31677621557609376
0.7849535376916571,8.26,0.30297741952311075,0.3090255587976081,0.3120849288588946,0.31362355941603287,0.31439512634907585,0.31478147465229805,0.31497479025434955,0.3150714834481989,0.31511983889710954,0.31514401883503407,0.31515610935742283,0.31516215475698117,0.31516517749135226,0.3151666888671859,0.31516744455726475
0.7860979414419597,8.31,0.3014516325606102,0.307466328396076,0.31050878154265743,0.3120389041777802,0.3128062046991979,0.3131904166733192,0.31338266332866427,0.31347882185345416,0.31352690991888776,0.3135509561528343,0.31356297982017384,0.31356899179144243,0.3135719978114775,0.3135735008300952,0.31357425234155417
0.7872302947809964,8.36,0.29994048493725933,0.3059220980787523,0.30894781678867567,0.31046952327436805,0.31123260340475434,0.3116147020937618,0.3118058913328307,0.3119015209558875,0.311949344522035,0.31197325849423113,0.3119852160276682,0.3119911949312288,0.3119941844172206,0.3119956791687693,0.311996426546682
0.7883507858908161,8.41,0.2984437792269274,0.3043926647410287,0.30740182861995896,0.30891520928421634,0.3096741143197561,0.31005412240490193,0.3102442655766249,0.31033937197449146,0.31038693388014416,0.31041071701011524,0.31042260911944514,0.3104285553102034,0.3104315284396069,0.3104330150128148,0.31043375830154524
0.7894595990826656,8.46,0.2969613212209363,0.3028778286112216,0.305870614450852,0.3073757582064557,0.3081305327336559,0.3085084725408338,0.30869758081633164,0.30879216957661365,0.30883947261608574,0.30886312630111695,0.3088749536850142,0.3088808675123155,0.3088838244598052,0.30888530294200994,0.30888604218522725
0.790556914895206,8.51,0.2954929198734986,0.3013773931931843,0.30435397502821737,0.3058509694013917,0.3066016573114519,0.3069775508183928,0.3071656351945774,0.3072597118177442,0.307306758741774,0.3073302843573604,0.307342047703604,0.30734792951134554,0.30735087044887227,0.3073523409260496,0.30735307616674185
0.7916429101897848,8.56,0.294038387247813,0.29989116520965825,0.3028517143733971,0.3043406455317686,0.3050872900346008,0.30546115887789305,0.3056482301809804,0.305741800082122,0.3057885935987502,0.30581199249903607,0.30582369248472924,0.3058295426114705,0.3058324677083156,0.305833930265107,0.3058346615455949
0.7927177582428594,8.61,0.29259753846280334,0.2984189545463408,0.3013636397249314,0.3028445925048075,0.3035872361427161,0.3039591016246556,0.3041451705135929,0.30423823902413416,0.30428478179956153,0.3043080553177693,0.30431969260955355,0.30432551138862296,0.30432842081145284,0.30432987553119173,0.3043306028931421
0.793781628835674,8.66,0.2911701916405198,0.2969605741966922,0.29988956148205215,0.30136261941504017,0.30210130407607033,0.3024711871713445,0.30265626414115465,0.3027488365105288,0.3027951311699521,0.30281828061880045,0.3028298558730653,0.302835643632665,0.30283853754558265,0.30283998451032085,0.30284070799476
0.7948346883412817,8.71,0.2897561678542364,0.29551584020750876,0.2984292931489792,0.2998945384879644,0.3006293054189286,0.3009972267811392,0.30118132216618476,0.30127340356346494,0.3013194526918942,0.3013424793640063,0.30135399322709305,0.30135975029040113,0.3013626288549972,0.30136406814553085,0.30136478779285664
0.7958770998090016,8.76,0.28835529107723923,0.2940845716252585,0.2969826512800158,0.29844016502451365,0.29917105484370565,0.29953703481173455,0.2997201587889029,0.29981175430439616,0.2998575604474509,0.2998804656157531,0.29989191872415394,0.29989764540942376,0.2999005087848269,0.2999019404807206,0.29990265633071556
0.7969090230464001,8.81,0.2869673881323249,0.2926665904431928,0.29554945542545247,0.2969993173463551,0.2977263700559588,0.2980904286601821,0.2982725912519951,0.2983637058987972,0.2984092715634842,0.29843205648159465,0.29844344946214724,0.29844914608280493,0.29845199442572995,0.29845341860534164,0.29845413069718474
0.797930614698877,8.86,0.28559228864201824,0.291261721549244,0.29412952807829157,0.2955718167420231,0.296295071740226,0.29665722870857947,0.29683843978622765,0.29692907850174116,0.2969744061572137,0.29699707205982206,0.29700840552989966,0.29701407239463873,0.29701690585943424,0.2970183225999386,0.2970190309722173
0.7989420283269388,8.91,0.2842298249795024,0.28986979267469887,0.2927226946217788,0.29415748741387737,0.29487698350669567,0.2952372582705958,0.2954175275569018,0.2955076952043181,0.2955527872826171,0.2955753353858551,0.29558660995355146,0.2955922473664258,0.2955950661051204,0.29559647548253204,0.2955971801732541
0.7999434144812342,8.96,0.2828798322203013,0.2884906343436857,0.2913287832777801,0.2927561564259211,0.293471931838745,0.29383034353887055,0.29400968061118143,0.2940993819809275,0.294144240877705,0.29416667237950844,0.2941778886438186,0.2941834969043327,0.2941863010666804,0.29418770315587695,0.29418840420248094
0.8009349207754309,9.01,0.281542148094667,0.28712407982342736,0.28994762505595467,0.29136765365243034,0.29207974604129716,0.29243631353323346,0.29261472782624526,0.2927039676373966,0.2927485957126223,0.292770911793084,0.2927820703440815,0.29278764974727883,0.2927904394808029,0.29279183435554657,0.29279253179491366
0.8019166919569991,9.06,0.2802166129407261,0.2857699650753093,0.28857905370377235,0.2899918117274438,0.29070025819004597,0.2910550000497969,0.29123250085831276,0.29132128375997246,0.2913656833386237,0.2913878851603386,0.29139898657934776,0.291404537415897,0.29140731286593363,0.29140870059889257,0.2914093944673572
0.8028888699759753,9.11,0.278903069658347,0.2844281287067268,0.2872229056573385,0.288628465995073,0.2893333030815077,0.2896862376108791,0.2898628340925025,0.28995116466514903,0.2899953380378843,0.29001742674628667,0.29002847160605055,0.2900339941623299,0.29003675547206986,0.2900381361348399,0.29003882646820006
0.8038515940517705,9.16,0.27760136366374777,0.28309841192372653,0.28587901999304105,0.28727745446064945,0.2879787181839185,0.288329863415775,0.28850556459354065,0.2885934473503433,0.2886373967741602,0.2886593734978522,0.28867036236269794,0.2886758569208773,0.288678604231407,0.288679977894532,0.28868066472805953
0.8048050007380885,9.21,0.2763113428448406,0.281780658484438,0.2845472383800142,0.28593861774270163,0.2866363435889663,0.2869857172923668,0.28716053205730974,0.2872479714454137,0.28729169914429226,0.28731356499536553,0.2873244984213642,0.2873299652594857,0.2873326987098278,0.28733406544281936,0.2873347488112702
0.8057492239860138,9.26,0.2750328575173087,0.28047471465328805,0.28322740503341115,0.2846117990257538,0.28530602196435295,0.2856536416495666,0.2858275787632321,0.2859145791650144,0.28595808733054395,0.28597984340489385,0.2859907219400181,0.2859961613320743,0.2859988810592267,0.2860002409305841,0.2860009208682081
0.8066843952053298,9.31,0.27376576038140943,0.2791804291559924,0.2819193666684792,0.2832968440139404,0.2839875985071766,0.28433348143058323,0.28450654952747945,0.28459311526177467,0.2846364060537682,0.28465805343139977,0.28466887761567716,0.28467428983168774,0.284676995970662,0.28467834904789135,0.2846790255884416
0.8076106433241247,9.36,0.27250990647950346,0.27789765313532133,0.28062297245543305,0.28199360088543074,0.28268092089813207,0.2830250840670103,0.2831972916570031,0.2832834269803023,0.28332650252739494,0.2833480422727232,0.2833588126383854,0.2833641979444727,0.2833668906283312,0.2833682369779642,0.28336891015470667
0.808528094846739,9.41,0.2712651531543075,0.27662624010763553,0.2793380739751226,0.28070192024766,0.28138583925652266,0.2817282994337277,0.2818996549043819,0.28198536401200314,0.282028226412238,0.2820496595743805,0.2820603766460105,0.28206573530447165,0.28206841466436466,0.2820697543519768,0.2820704241976993
0.8094368739101083,9.46,0.27003136000786376,0.2753660459201849,0.27806452517548647,0.2794216550933574,0.28010220609607517,0.2804429798046103,0.280613491423477,0.28069877845070945,0.28074142977210964,0.28076275738517287,0.2807734216798472,0.28077875394922663,0.2807814201144278,0.28078275320465623,0.2807834197516775
0.8103371023385536,9.51,0.2688083888612121,0.2741169287091534,0.27680218232877357,0.27815266075735445,0.2788298762815404,0.2791689798090244,0.2793386557258764,0.2794235247490985,0.27946596703022647,0.27948719011358464,0.2794978021410141,0.279503108276173,0.2795057613741142,0.27950708793067536,0.27950775121085364
0.8112288996970659,9.56,0.26759610371477366,0.2728787488584588,0.27555090398954213,0.27689479487418045,0.27756870698608693,0.2779061563891207,0.2780750046381368,0.2781594596759091,0.27820169492641295,0.2782228144849822,0.27823337474764775,0.2782386549998323,0.27824129515613827,0.2782426152418448,0.27824327528658643
0.8121123833431356,9.610000000000001,0.2663943707094282,0.27165136895928826,0.27431055095341483,0.27564791733642585,0.2763185576494674,0.27665436875790117,0.2768223972598023,0.27690644227393524,0.276948472475083,0.276969489499588,0.27697999849287475,0.276985253109783,0.2769878804483043,0.2769891941250817,0.2769898509653496
0.8129876684771705,9.66,0.26520305808827777,0.27043465377035925,0.2730809862165799,0.27441189025386054,0.27507928993694564,0.2754134783580512,0.2755806949221875,0.2756643338187859,0.2757061609239874,0.2757270763912227,0.27573753460355005,0.2757427638293976,0.27574537847224306,0.27574668580114636,0.27574733946746816
0.8138548681915478,9.71,0.2640220361590984,0.2692284701789092,0.2718620749360415,0.2731865779133127,0.2738507676989882,0.27418334882153733,0.2743497611479287,0.27443299777841224,0.27447462371373005,0.2744954385868149,0.27450584649976467,0.2745110505753478,0.27451365264291716,0.27451495368414647,0.2745156042066223
0.8147140935183415,9.76,0.2628511772574615,0.26803268716239215,0.27065368439059473,0.2719718467392813,0.2726328569316959,0.27296384592994755,0.2731294616112791,0.2732122997733805,0.27325372643802864,0.273274441666657,0.27328479975509795,0.2732899789178564,0.2732925685288709,0.27329386334178707,0.2732945107500974
0.8155654534757681,9.81,0.26169035571052157,0.2668471757508786,0.26945568394252456,0.2707675652552821,0.2714254257379723,0.27175483757557123,0.27191966409914403,0.2720021075378845,0.2720433368047164,0.2720639533254008,0.2720742620576104,0.27207941654168855,0.2720819938132216,0.27208328245636176,0.2720839267797753
0.8164090551133895,9.860000000000001,0.26053944780146004,0.26567180899014786,0.26826794500001405,0.26957360404591163,0.2702283442894154,0.270556193723205,0.2707202384728433,0.27080229088148716,0.2708433245974729,0.27086384333378294,0.2708741031715674,0.27087923320787327,0.2708817982553804,0.27088308078647255,0.27088372205385336
0.8172450035561099,9.91,0.25939833173458193,0.26450646190546834,0.26709034098025813,0.26838983571962616,0.2690414847889287,0.2693677863726791,0.2695310566305966,0.2696127216515836,0.26965356163827675,0.26967398350107247,0.26968419489988266,0.26968930071614694,0.2696918536534947,0.2696931301294726,0.2696937683692875
0.8180734020470075,9.96,0.2582668876010473,0.2633510114660447,0.2659227472732628,0.26721613487221463,0.26786472143403045,0.2681894895220847,0.26835199247070823,0.2684332736965669,0.2684739217505605,0.26849424763822083,0.26850441104726647,0.2685094928680994,0.26851203380759425,0.26851330428461123,0.26851393952493724
0.8188943519890327,10.01,0.25714499734523827,0.262205336550136,0.26476504120632954,0.2660523780509649,0.2666979303808601,0.2670211791317007,0.26718292185545545,0.2672638228296953,0.26730428072306855,0.26732451152171416,0.26733462738407604,0.267339685431023,0.2673422144834387,0.26734347901688227,0.2673441112854129
0.8190000000000001,10.016467316215538,0.25700057671818277,0.26205785549664645,0.2646160120772117,0.2659025703574959,0.26654773226585315,0.266870785520111,0.267032430423999,0.26711328247039623,0.26715371589536896,0.2671739344586942,0.267184044203116,0.2671890991910228,0.26719162671390095,0.26719289048257133,0.2671935223687143
0.8240000000000001,10.331392372491424,0.25015409807686145,0.25506664716601785,0.25755159417610973,0.2588013336080858,0.2594280322110475,0.25974184029627867,0.2598988592307975,0.25997739744557335,0.2600166737429107,0.26003631368945074,0.26004613411223665,0.2600510444360145,0.2600534996260005,0.2600547272280177,0.2600553410307825
0.8290000000000001,10.664668884285268,0.24328560963202356,0.24805365103074914,0.25046550076552143,0.25167847782511443,0.2522867414432909,0.25259131854053296,0.25274371860139366,0.25281994653370254,0.25285806747830675,0.25287712969559395,0.2528866612405304,0.2528914271220776,0.25289381009012185,0.2528950015809616,0.252895597328086
0.8340000000000001,11.017955726347354,0.23639583644061563,0.24101959881623736,0.24335846694398916,0.24453473980356016,0.24512459760826216,0.2454199583245258,0.24556774682058158,0.2456416681261884,0.24567863554627636,0.24569712094850293,0.24570636407270705,0.2457109857405875,0.245713296600973,0.24571445203777711,0.24571502975783205
0.8390000000000001,11.39311783524319,0.22948549779245012,0.2339652163382138,0.2362312218282922,0.2373708503203784,0.2379423323154344,0.23822849167459856,0.2383716761232894,0.23844329456229044,0.23847911033825467,0.23849701986570288,0.2385059750393372,0.2385104527286375,0.2385126915989091,0.23851381104045033,0.2385143707628223
0.8440000000000001,11.79225923228989,0.22255530704275292,0.22689122333720402,0.22908448838887407,0.23018753397041572,0.23074067097423273,0.231017644408062,0.2311562325309202,0.23122555196549516,0.2312602180287792,0.23127755264725916,0.23128622035325103,0.2312905543054402,0.23129272130633383,0.23129380481298045,0.23129434656785372
0.8490000000000001,12.217762607334883,0.21560597144988933,0.2197983333181068,0.22191898329035828,0.22298550900739697,0.2235203326352584,0.22378813597453892,0.22392213569275343,0.22398916008494718,0.2240226784169359,0.22403943911723095,0.22404781985099456,0.22405201031378555,0.224054105569159,0.22405515320284025,0.22405567702117948
0.8540000000000001,12.6723370361821,0.20863819201840975,0.21268725339503783,0.21473541673730187,0.2157654871901364,0.2162820298367286,0.2165406793025185,0.21667009873255738,0.21673483214208983,0.216767204773015,0.21678339257033383,0.21679148683949687,0.21679553406670923,0.21679755770347373,0.21679856952764562,0.21679907544117905
0.8590000000000001,13.159075850655967,0.2016526633475634,0.20555868414159076,0.20753449232534046,0.2085281736341269,0.20902646845628908,0.20927598065128097,0.20940082810056906,0.20946327468267362,0.20949450369053235,0.20951011962396857,0.20951792794810162,0.2095218321995266,0.20952378434757937,0.20952476042719081,0.20952524846839288
0.8640000000000001,13.681527274114915,0.1946500734853835,0.1984133194466232,0.20031690689783418,0.2012742666686187,0.20175434756830968,0.20199473946830135,0.20211502343095275,0.20217518743424162,0.20220527494372886,0.2022203200757274,0.2022278429860771,0.20223160452734418,0.20223348531950136,0.20223442572096093,0.20223489592303595
0.8690000000000001,14.243781233030763,0.18763110378845665,0.19125184637568346,0.19308335040813304,0.1940044576993065,0.19446635930678272,0.194697648252254,0.19481337740485738,0.1948712631692134,0.19490021135066796,0.1949146867664974,0.194921924805723,0.19492554390816796,0.1949273534800991,0.19492825827124183,0.1949287106681075
0.8740000000000001,14.850576837985765,0.18059642878746499,0.184074945038171,0.18583450578755548,0.1867194310767196,0.18716318873391993,0.1873853924217128,0.18749657561916835,0.1875521875736628,0.1875799986420257,0.18759390544925805,0.1876008591711709,0.18760433611170577,0.18760607460186832,0.18760694385192347,0.1876073784781945
0.879,15.507436512844846,0.17354671605857278,0.17688328846030452,0.1785710488191572,0.17941986397039308,0.179845513714525,0.1800586501896248,0.18016529646103174,0.18021863912186734,0.18024531533565352,0.18025865466364954,0.18026532463295583,0.1802686596939402,0.18027032724351563,0.18027116102307425,0.1802715779140463
0.8840000000000001,16.22083481250069,0.166482626100729,0.16967754246397374,0.17129364801736605,0.1721064262488967,0.17251400479622034,0.1727180924436357,0.17282021098822967,0.17287128895670836,0.17289683261699001,0.17290960561639113,0.17291599240843797,0.17291918587755184,0.17292078263038194,0.1729215810113653,0.17292198020299906
0.889,16.998412867030183,0.15940481221893185,0.1624583655515221,0.16400296451353272,0.164779780365772,0.16516932509557788,0.1653643826323181,0.1654619828154564,0.16551080077597155,0.16553521422537415,0.16554742206760034,0.16555352626812453,0.16555657843824312,0.165558104540767,0.16555886759639513,0.16555924912530076
0.894,17.849253517587528,0.1523139204134871,0.15522640879649666,0.15669965194743532,0.1574405812514162,0.15781213019019294,0.15799817665734034,0.1580912680065354,0.1581378307245875,0.15816111634629756,0.1581727602230512,0.15817858242793123,0.1581814935970005,0.15818294919819295,0.15818367700295366,0.15818404090637517
0.899,18.784238175822914,0.14521058927530175,0.1479823157404079,0.14938435636478065,0.15008947621095645,0.1504430680167461,0.15062012277162168,0.15070871497262123,0.1507530272928575,0.1507751875096421,0.1507862686324177,0.15079180944742845,0.15079457991834289,0.1507959651696528,0.15079665779927098,0.15079700411507094
0.904,19.816515201863595,0.13809544988721867,0.14072672229550853,0.14205771612071352,0.14272710482812656,0.14306277877506343,0.1432308614834857,0.14331496437639898,0.14335703122067564,0.1433780684939135,0.14338858809351304,0.14339384813408362,0.1433964782145649,0.14339779326985486,0.1433984508012623,0.14339877956790653
0.909,20.962122692611665,0.13096912573139274,0.13346025665359298,0.1347203617893363,0.13535409887514874,0.13567189483818054,0.1358310254668143,0.13591064904228398,0.13595047540775143,0.13597039223647525,0.1359803515625294,0.13598533145350392,0.13598782145598107,0.1359890664714675,0.1359896889827727,0.1359900002393158
0.914,22.240828521766907,0.12383223260271535,0.1261835392008277,0.12737291607925028,0.1279710822286324,0.12827104066842013,0.12842123947721573,0.1284963938726346,0.12853398482984518,0.12855278374979537,0.12856218407029044,0.12856688444569095,0.12856923468718234,0.12857040982137619,0.12857099739183517,0.12857129117790517
0.919,23.677281505776712,0.11668537852825883,0.11889718243858494,0.12001599375509232,0.12057867079146443,0.12086083273945983,0.12100212027418081,0.12107281576995282,0.12110817646099076,0.1211258600436801,0.12113470264449021,0.1211391241472833,0.12114133494927952,0.1211424403629279,0.12114299307291468,0.12114326942869875
0.924,25.302616977391253,0.10952916369272643,0.11160179091026758,0.11265020156505491,0.11317747242067897,0.11344187946437728,0.11357427654921595,0.1136405235650615,0.11367365920169464,0.11369023005348418,0.11369851623790922,0.11370265951977454,0.11370473120812295,0.1137057670641514,0.11370628499512923,0.11370654396135903
0.929,27.156740770571993,0.10236418036986263,0.10429796113408159,0.105276138174348,0.10576808686126561,0.10601478112963209,0.10613830885991225,0.10620011795121669,0.10623103381307018,0.10624649457425586,0.10625422566256458,0.10625809138366682,0.10626002428845728,0.10626099075191263,0.10626147398640537,0.10626171560434301
0.934,29.29165138035101,0.09519101285979029,0.09698628154172423,0.09789439410457021,0.09835110568588455,0.0985801298349534,0.09869480956991909,0.09875219142412449,0.09878089285687609,0.09879524620078617,0.09880242352976511,0.09880601235852807,0.09880780681398015,0.09880870405197409,0.09880915267353808,0.09880937698496181
0.9390000000000001,31.776395971793125,0.08801023743222049,0.08966733242293479,0.09050555167893815,0.09092711224043687,0.09113850943908114,0.09124436279477123,0.09129732822781117,0.09132382064140789,0.0913370692735111,0.09134369419601844,0.09134700680890226,0.09134866315325371,0.09134949133490709,0.09134990542810323,0.09135011247529366
0.9440000000000001,34.704681393751244,0.08082242227547069,0.08234168587584507,0.0831101849733107,0.0834966815954279,0.0836904955112994,0.08378754435350735,0.0838361043062841,0.08386039317318013,0.0838725398302046,0.0838786137147297,0.0838816507960103,0.08388316937140698,0.08388392866779466,0.08388430831816084,0.08388449814388702
0.9490000000000001,38.20696225952571,0.07362812745123878,0.07500990576307869,0.0757088597729588,0.07606038050307395,0.0762366552887122,0.07632492172603031,0.07636908726093442,0.07639117811435038,0.07640222556341297,0.07640774979364091,0.07641051203519256,0.07641189318757947,0.07641258377167592,0.07641292906569992,0.07641310171320588
0.9540000000000001,42.47041255838125,0.06642790485504366,0.0676725476735101,0.06830213353499116,0.06861876736006353,0.06877754763917299,0.06885705401612092,0.06889683631359302,0.06891673474579622,0.06892668578354251,0.0689316617579241,0.06893414985900419,0.06893539393801806,0.06893601598464365,0.06893632700973613,0.0689364825227273
0.9590000000000001,47.77351064133018,0.05922229818226866,0.060330158889621094,0.060890555356375255,0.061172392175912436,0.06131372302980718,0.06138449192004437,0.06141990227517892,0.061437613935784466,0.06144647138753925,0.061450900518866224,0.061453115185902935,0.061454222544765964,0.061454776230533796,0.061455053075001834,0.06145519149763186
0.9640000000000001,54.54944502839354,0.05201184289971129,0.05298327836035924,0.05347466594745741,0.05372179654681673,0.05384572350103204,0.05390777770065376,0.053938827519844516,0.05395435811413765,0.05396212483306584,0.05396600854805124,0.05396795049443378,0.05396892148984868,0.053969406993112194,0.05396964974613298,0.05396977112299064
0.9690000000000001,63.510880674485804,0.0447970662225557,0.045632436679414856,0.046054997610900025,0.046267513634921806,0.04637408264599224,0.046427445166908936,0.046454145964536266,0.04646750125181526,0.0464741801180932,0.04647751985695708,0.046479189802828405,0.04648002479487493,0.04648044229567604,0.04648065104727108,0.04648075542336722
0.9740000000000001,75.91868631130546,0.03757848709666898,0.038278156068818965,0.038632074225937646,0.038810068152909605,0.03889932559531311,0.03894401965871281,0.03896638305387253,0.038977568845812556,0.038983162765809896,0.038985959981870086,0.0389873586539224,0.03898805800595497,0.03898840768597297,0.0389885825269824,0.038988669947737226
0.9790000000000001,94.23455799190904,0.03035661618612166,0.03092095036776261,0.031206411237853365,0.03134997635380544,0.031421969007073114,0.03145801803696703,0.031476055750240775,0.031485077909278465,0.031489589814750224,0.03149184597401845,0.03149297410529116,0.03149353818383785,0.03149382022633887,0.031493961248396304,0.03149403175962676
0.9840000000000001,123.99731178133531,0.023131955865826802,0.02356132502653274,0.023778515652570765,0.023887746025899822,0.023942521061891184,0.023969948678741908,0.023983672529008924,0.023990536966747755,0.02399396981403686,0.023995686394819898,0.02399654472450023,0.023996973899163127,0.023997188488950324,0.023997295784457865,0.023997349432365124
0.9890000000000001,180.8163383307172,0.015905000219189953,0.016199777105457294,0.016348886036254,0.016423876492678076,0.016461481463021465,0.01648031147745403,0.01648973337874442,0.0164944460543807,0.01649680282363085,0.016497981316136962,0.016498570589363163,0.01649886523271991,0.01649901255608424,0.0164990862181879,0.016499123049345102
0.9940000000000001,332.33233032188843,0.008676235040656614,0.008836795278746479,0.008918012519803608,0.008958858617645204,0.00897934144134333,0.00898959784793888,0.00899472980632816,0.008997296725097751,0.008998580419476637,0.008999222325427152,0.008999543293094246,0.008999703780600946,0.008999784025272614,0.008999824147838027,0.00899984420917813
0.9990000000000001,1998.9998332502137,0.0014461378430395,0.0014728598431127983,0.0014863768081304202,0.0014931748139287565,0.0014965837651290926,0.0014982907363011498,0.0014991448468461138,0.001499572058491819,0.0014997857034246783,0.001499892535670699,0.0014999459542388678,0.0014999726641342747,0.0014999860192348126,0.0014999926968232912,0.0014999960356270826
0.999999998,9.999999182596358e8,2.8923079287259954e-9,2.9457366748941155e-9,2.972762888909118e-9,2.986355019934207e-9,2.9931709763702026e-9,2.996583944307407e-9,2.9982916778371287e-9,2.9991458572591715e-9,2.999573025167882e-9,2.9997866286758353e-9,2.999893435318734e-9,2.999946839862479e-9,2.9999735424399334e-9,2.9999868938050574e-9,2.9999935695067184e-9