0,0,6,7,8,9,10
1.3838965267367376e-87,0.01,256.00473403074136,511.92321724383913,1023.3304712420356,2042.6321494097824,4053.3083865077756
1.1143831578403364e-29,0.03,256.0047340307413,511.92321724383925,1023.3304712420352,2042.6321494097813,4053.3083865077747
4.248354255291589e-18,0.05,256.0047340307414,511.92321724383936,1023.3304712420356,2042.632149409781,4053.3083865077747
3.904687043201515e-13,0.06999999999999999,256.00473403072357,511.9232172438211,1023.3304712420183,2042.6321494097624,4053.3083865077742
2.233631436203166e-10,0.09,256.0047340203506,511.92321723328723,1023.3304712314103,2042.6321493991568,4053.308386497303
1.2698040054380027e-8,0.11,256.0047334400397,511.9232166439835,1023.3304706380734,2042.6321488058315,4053.3083859120343
2.0823150224148703e-7,0.13,256.0047243439453,511.92320740686773,1023.3304613375976,2042.6321395054927,4053.3083767387857
1.6195967923126127e-6,0.15000000000000002,256.00465868549406,511.92314072750446,1023.3303941948022,2042.632072351434,4053.308310477893
7.77415426242197e-6,0.17,256.00437231405976,511.9228498420336,1023.3301011630402,2042.6317790203661,4053.3080205558927
0.000026821257636371316,0.19,256.0034854976216,511.9219484149463,1023.3291918006968,2042.6308661517521,4053.3071132276514
0.0000730906925794498,0.21000000000000002,256.00132773701495,511.91975112628586,1023.3269670897088,2042.6286166665122,4053.304845628579
0.00016731167394185524,0.23,255.9969184438623,511.91524364024457,1023.3223680265426,2042.6238958177605,4053.299949310905
0.00033546262790251185,0.25,255.98899825249296,511.9070890677108,1023.3139305553211,2042.6150023972475,4053.2902789597383
0.0006067416911921484,0.27,255.9760818846044,511.8936340648692,1023.299694648155,2042.5993822090652,4053.2721432868516
0.0010112665497004167,0.29000000000000004,255.956501820258,511.87288014964554,1023.2770258839748,2042.5731470735368,4053.239230307616
0.0015779749941570481,0.31,255.92842402820165,511.8424039889016,1023.2423378521624,2042.5303950275973,4053.181132939262
0.002332986527749615,0.33,255.88983142694696,511.79922982248354,1023.1907323732719,2042.462373132203,4053.081557023137
0.003298505755939094,0.35000000000000003,255.83848096100712,511.73966929999176,1023.1155897419329,2042.3565444362773,4052.9163209693074
0.004492232856494007,0.37,255.77184462443626,511.65914731446264,1023.0081417534046,2042.195614834771,4052.651236045137
0.005927189477194528,0.39,255.6870447699585,511.5520295151807,1022.8570513506828,2041.9565541661486,4052.239909351236
0.007611851940887936,0.41000000000000003,255.58079171224767,511.4114616014933,1022.6480106467249,2041.6096206352468,4051.621459501139
0.00955049025029501,0.43,255.44932869343373,511.2292249361705,1022.3633583522466,2041.1173763854613,4050.7180916476345
0.01174362845702136,0.45,255.28838673384382,510.995608873199,1021.9817103549955,2040.433667944632,4049.4324483714113
0.014188561758514401,0.47000000000000003,255.0931501300911,510.699297839818,1021.4775936109835,2039.502538199541,4047.644634642061
0.01687988414878991,0.49,254.85823239189426,510.3272704309988,1020.8210729556394,2038.2570348894992,4045.2088047270713
0.019809995856158447,0.51,254.5776620611117,509.8647081401759,1019.9773620273689,2036.6178825793731,4041.9491929050905
0.02296957176557058,0.53,254.24487792378665,509.29491244545954,1018.9064124773581,2034.4919894639359,4037.65546600719
0.026347980814448734,0.55,253.8527334279139,508.5992304810596,1017.5624795736051,2031.7707667678776,4032.077274095802
0.029933652499726335,0.5700000000000001,253.39351052253363,507.75699125080064,1015.8936670476036,2028.3282473664847,4024.917878259081
0.03371439071884841,0.59,252.85894354949806,506.74545618017936,1013.8414596700974,2024.0190027643143,4015.8267464601113
0.03767763771453888,0.61,252.24025419344406,505.53978971000674,1011.3402588328235,2018.6758756689233,4004.391037846016
0.041810692337960746,0.63,251.52819879520817,504.11305758928626,1008.3169447034279,2012.1075717536773,3990.125955503738
0.04610088752834604,0.65,250.71312953772537,502.43626250591694,1004.6904986797662,2004.0961922217484,3972.46405590147
0.05053573208512025,0.67,249.78507110416135,500.47842865431073,1000.3717322090504,1994.3948425510266,3950.7437865620886
0.05510302166687648,0.6900000000000001,248.73381436921085,498.2067486879631,995.2631827054828,1982.725526857454,3924.1978178449203
0.05979092362144695,0.7100000000000001,247.54902849849367,495.5868080912117,989.2592541400134,1968.7776360683329,3891.9421862095965
0.06458803982274494,0.73,246.22039248004435,492.5829031045537,982.2466982257014,1952.207464614234,3852.967928585773
0.06948345122280154,0.75,244.7377465796254,489.1584686490875,974.105550558891,1932.6393441763223,3806.1378113762603
0.07446674735972487,0.77,243.0912634867456,485.2766318379585,964.7106521147404,1909.6691566904162,3750.1919675137574
0.07952804361730581,0.79,241.27163799867427,480.90090419496073,953.9338962853562,1882.8711626965026,3683.767701708683
0.08465798862252998,0.81,239.27029298698028,475.9960211568482,941.6473397655539,1851.8092170055254,3605.4402060346792
0.08984776379931073,0.8300000000000001,237.07959813543297,470.5289303896557,927.7272950818477,1816.0534781258123,3513.791979418089
0.09508907677188685,0.85,234.6930965819146,464.4699206056508,912.0594754681921,1775.2035589222448,3407.518515812129
0.10037415002835652,0.87,232.1057332176008,457.7938698865734,894.5451814391639,1728.918598540385,3285.575038974256
0.10569570601098045,0.89,229.31407709539923,450.4815773548579,875.1083976585043,1676.9538447931827,3147.3622083475125
0.11104694959162309,0.91,226.3165292983839,442.5211252706384,853.7035092127895,1619.2019561827537,2992.936733856164
0.1164215487141213,0.93,223.11350685143432,433.90920176986015,830.3231584895813,1555.7354230491098,2823.2163795731453
0.1218136138366199,0.9500000000000001,219.70759295908275,424.6522996168489,805.0055708375696,1486.8445393569255,2640.1318872444836
0.12721767668229797,0.97,216.10364413659767,414.76769611702383,777.8405164036358,1413.063764635729,2446.6689255216293
0.13262866870306303,0.99,212.30884575179905,404.28411647415777,748.9729949637306,1335.1788420708015,2246.751285244862
0.13804189957465685,1.01,208.33270914197294,393.2419898058817,718.6037792721628,1254.2084127267044,2044.9483629344259
0.14345303597051856,1.03,204.1870057769066,381.6932252505389,686.9861654333899,1171.3574287171275,1846.0404489757548
0.14885808080333315,1.05,199.88563679553585,369.70046510135035,654.4186595656498,1087.9449956993735,1654.525594543555
0.15425335307542984,1.07,195.44443946865172,357.33581077549826,621.233837788633,1005.3150558069078,1474.1770704050432
0.15963546844034543,1.09,190.88093549449258,344.6790617946768,587.7841656914474,924.7427038024814,1307.745647973509
0.1650013205464439,1.11,186.21402924413454,331.81555240075807,554.4260398770776,847.3502861418659,1156.852404602918
0.17034806320823295,1.1300000000000001,181.46366686218718,318.83370884718767,521.5036065830864,774.045170518877,1022.0594717557001
0.1756730934308745,1.1500000000000001,176.65046924855446,305.8224771443924,489.33394753540847,705.4859692482959,903.0637515802706
0.18097403529745745,1.17,171.79535321368164,292.8687820681653,458.19499135184776,642.077833964969,798.944573206528
0.18624872471614212,1.19,166.9191554128048,280.05517201945105,428.31706748910403,583.9921469609671,708.4067568790284
0.19149519501466303,1.21,162.0422730208722,267.4577821067238,399.87847408712264,531.2027984506332,629.9830054757934
0.1967116633623804,1.23,157.18433360011687,255.14471334363284,373.00489962126056,483.53054187170585,562.1819045799862
0.20189651799465538,1.25,152.3639044070927,243.174884481117,347.7721184058422,440.6881196943499,503.58353191198455
0.20704830621043951,1.27,147.59824870992432,231.5973705912416,324.2111259274572,402.32104059250145,452.89262832698
0.21216572311131193,1.29,142.9031337882013,220.45120435124798,302.31479847322197,368.041219569196,408.96134733610927
0.21724760104852714,1.31,138.29269240984524,209.76558587922358,282.0452223394988,337.4526189863823,370.7923602673549
0.22229289974374367,1.33,133.7793369320978,199.56042697097433,263.3409916033478,310.16933291199166,337.5305942076908
0.22730069704883135,1.35,129.3737229183798,189.84714592776032,246.12396849623673,285.82726133305135,308.44932134647183
0.23227018031035848,1.37,125.08475740132363,180.62962867746162,230.3051950147293,264.0907660679095,282.9342232265073
0.23720063830493388,1.3900000000000001,120.91964569788865,171.90527851914595,215.78981146470986,244.655654534268,260.46753773456396
0.2420914537124293,1.4100000000000001,116.88396998594524,163.66608815454046,202.48096452355182,227.24964316724473,240.61339001862234
0.24694209609516335,1.43,112.98179263290032,155.89968139319217,190.28277254689328,211.63120811795167,223.0047847773711
0.2517521153523297,1.45,109.2157774481854,148.59028609834303,179.1024644858358,197.5874947578568,207.3323760645241
0.2565211356202476,1.47,105.58732252086894,141.71961316637044,168.85182921633216,184.93175676291497,193.33493782631155
0.2612488495903747,1.49,102.09669900677287,135.2676277269249,159.44811301546903,173.5006381663952,180.79136777103517
0.2659350132184073,1.51,98.74319105808691,129.2132079016691,150.81449193324505,163.1514954178586,169.51402548003935
0.2705794407991863,1.53,95.5252329664913,123.53469331003288,142.88022875048006,153.75987442636406,159.34320582147367
0.27518200038351043,1.55,92.44054045750612,118.21033024184729,135.58060515246427,145.21720206275117,150.14256450839756
0.2797426095143121,1.57,89.4862338844995,113.21862334363173,128.8567012327639,137.42871558878917,141.79533475261476
0.2842612312609692,1.59,86.65895179599782,108.53860515406072,122.6550778659147,130.3116312092716,134.20119734131066
0.2887378705318004,1.61,83.95495397328854,104.15003523673045,116.92740344647298,123.79354001689325,127.2736885490659
0.29317257064601593,1.6300000000000001,81.37021355104454,100.03354031846041,111.63005507660537,117.81101282819354,120.93804997124347
0.29756541014756543,1.6500000000000001,78.90049824402223,96.17070601815288,106.72371530294268,112.30839255400065,115.12944128984037
0.30191649984443947,1.6700000000000002,76.54144101547438,92.54412965533363,102.17297862995377,107.23675228517143,109.79145122783765
0.30622598005804236,1.69,74.28860074875625,89.13744241466163,97.94597690612126,102.55299819237364,104.87485376787735
0.31049401806825244,1.71,72.1375136353294,85.93530792150325,94.01402893936493,98.21909798325996,100.33656642776931
0.31472080574073574,1.73,70.08373608290147,82.92340312450855,90.35131703864562,94.20141762098253,96.13877532532436
0.31890655732397044,1.75,68.12287998919925,80.08838632534044,86.93459133904176,90.47015103614929,92.24819822933628
0.32305150740427707,1.77,66.25064123109023,77.41785626330567,83.74290153749011,86.99882951722209,88.63546204566995
0.3271559090079399,1.79,64.46282219529076,74.90030535913228,80.75735488095114,83.76389926687304,85.27457545114581
0.3312200318402412,1.81,62.75534913400343,72.52506954346589,77.96089878147613,80.74435723070316,82.14248084937843
0.3352441606519264,1.83,61.12428507330889,70.28227653220384,75.3381261884112,77.9214367321018,79.2186726349352
0.3392285937242606,1.85,59.565838939343514,68.16279395000116,72.87510175634222,75.2783356893816,76.48487103966661
0.34317364146444845,1.87,58.07637150138494,66.15817833163786,70.5592068570817,72.79998126279453,73.92474269870972
0.34707962510375007,1.8900000000000001,56.6523986649895,64.26062573507961,68.37900155820364,70.47282569711182,71.52366059486343
0.35094687549115716,1.9100000000000001,55.29059258447193,62.46292446754427,66.32410180334736,68.28466890847075,69.26849728430452
0.35477573197598433,1.93,53.987781003762485,60.75841024554606,64.38507016269259,66.2245040298829,67.14744632666064
0.35856654137319044,1.95,52.74094517892945,59.14092397198289,62.55331866341002,64.28238269454556,65.14986768066657
0.3623196570056733,1.97,51.54721668490807,57.60477220954962,60.821022351432596,62.44929731458193,63.26615351710257
0.3660354378181789,1.99,50.403873363386275,56.14469035311628,59.1810423724273,60.7170780179593,61.48761147090103
0.3697142475578392,2.01,49.30833462832212,54.75580844844879,57.62685748833428,59.07830224930596,59.806362826368364
0.3733564540166971,2.03,48.258156309972335,53.433619566033656,56.152503064613796,57.526215330751576,58.215253521265375
0.37696242833189814,2.05,47.25102518729702,52.173950613005886,54.752516671749255,56.05466052496831,56.70777618151426
0.38053254433953176,2.07,46.28475333178873,50.97293545019609,53.42188954253069,54.658017351213175,55.27800167026478
0.3840671779783792,2.09,45.35727236275949,49.82699017269541,52.15602321455398,53.33114708225132,53.92051886250121
0.3875667067400874,2.11,44.4666276945039,48.73279040917001,50.9506907658043,52.0693445005122,52.630381547059464
0.3910315091625277,2.13,43.61097283914468,47.68725049594833,49.802002120869,50.86829511986374,51.40306151818646
0.39446196436332454,2.15,42.78856381499032,46.68750438549815,48.70637296701602,49.72403718847483,50.23440705378884
0.3978584516107451,2.17,41.99775369855002,45.73088815442298,47.66049687386286,48.63292788132378,49.120606091540445
0.4012213499293389,2.19,41.23698734864445,44.81492398285584,46.66132025838938,47.591613170455105,48.05815351052776
0.4045510377378922,2.21,40.504796323044175,43.93730548461855,45.706019879335415,46.59700092917987,47.043822007999985
0.4078478925174344,2.23,39.79979400150755,43.09588427535228,44.791982582207154,45.64623688478337,46.074636130413325
0.41111229050718745,2.25,39.120670923762155,42.288657673756965,43.916787048807805,44.73668308443312,45.147849077302716
0.41434460642649396,2.27,38.46619034668072,41.51375743888336,43.078187333922635,43.86589858208832,44.26092194718705
0.4175452132208978,2.29,37.83518402148523,40.76943945399075,42.27409799702721,43.03162209136044,43.4115051380963
0.4207144818306733,2.31,37.22654818911823,40.05407427469978,41.502580659054054,42.231756381321944,42.597421652505744
0.423852780980218,2.3299999999999996,36.63923978983695,39.366138465998404,40.7618318337426,41.46435421996879,41.816652088439824
0.4269604769868338,2.3499999999999996,36.07227288149882,38.704206659055714,40.050171900229365,40.72760569402852,41.0673211260409
0.4300379335875186,2.3699999999999997,35.524715259834345,38.06694426475353,39.36603509860752,40.01982675460556,40.347685342655424
0.43308551178249,2.3899999999999997,34.99568527316583,37.453100786365674,38.70796044345271,39.339448856225644,39.65612221003045
0.4361035696942465,2.4099999999999997,34.484348823466874,36.861503678901556,38.074583461997506,38.68500957255813,38.99112014500146
0.4390924624410545,2.4299999999999997,33.9899165453147,36.29105270730942,37.464628673938954,38.05514408579301,38.35126950048948
0.4420525420238256,2.4499999999999997,33.511641154120944,35.740714760020346,36.87690273895235,37.44857745860335,37.73525439704493
0.4449841572254198,2.4699999999999998,33.04881495499681,35.209519078233036,36.31028820600746,36.8641176080708,37.14184530685933
0.44788765352147425,2.4899999999999998,32.60076750369244,34.69655286491698,35.763737805678105,36.300648910100705,36.56989231236202
0.45076337300192126,2.51,32.166863411212105,34.200957240769,35.23626923290673,35.757126370869784,36.01831897042364
0.4536116543024142,2.53,31.74650028393721,33.72192351732507,34.72696037324247,35.232570308892576,35.486116720986246
0.45643283254493355,2.55,31.33910679136112,33.2586897601247,34.23494493049327,34.72606149748199,34.9723397857731
0.45922723928689646,2.57,30.94414085384833,32.81053761727523,33.75940841810128,34.236736722832696,34.476100508733644
0.4619952024781367,2.59,30.56108794315642,32.37678939098567,33.2995844804279,33.76378471776132,33.996565095155134
0.4647370464251678,2.61,30.189459488801624,31.956805331658583,32.85475151358388,33.30644243538352,33.532949711021374
0.4674530917621794,2.63,29.828791383694956,31.549981135959467,32.42422955850818,32.86399163076171,33.084516908299896
0.47014365542825726,2.65,29.47864258282106,31.15574563194206,32.0073774417308,32.435755721879296,32.650572345458514
0.4728090506503487,2.67,29.138593789076886,30.773558635816162,31.60359014169325,32.021096904245404,32.230461775718915
0.47544958693153117,2.69,28.80824622071902,30.40290896630814,31.212296360673125,31.619413496047677,31.823568278389736
0.47806557004417,2.71,28.487220455196887,30.043312603805692,30.83295628430469,31.230137493098418,31.429309711142725
0.4806573020275789,2.73,28.175155344460396,29.694310982600925,30.465059512423377,30.852732314885987,31.047136363329173
0.48322508118982543,2.75,27.871706997132435,29.355469405566293,30.108123146518402,30.48669072488861,30.676528792423767
0.48576920211334657,2.77,27.57654782322362,29.02637557152415,29.76169002047248,30.131532909952714,30.316995827454935
0.48828995566406197,2.79,27.28936563733993,28.70663820641086,29.425327062516896,29.786804705006514,29.96807272485899
0.4907876290036956,2.81,27.009862816593113,28.395885790100447,29.09862377745479,29.452075950694578,29.629319463607047
0.49326250560503515,2.8299999999999996,26.73775550966784,28.093765371445368,28.781190839212005,29.126938972693726,29.30031916771192
0.4957148652698769,2.8499999999999996,26.472772893732465,27.799941464724842,28.47265878468634,28.81100717252777,28.980676645353633
0.4981449841494222,2.8699999999999997,26.214656476095694,27.514095021262538,28.1726768006801,28.50391372064179,28.670017034869602
0.5005531347669072,2.8899999999999997,25.963159437717202,27.23592247049832,27.880911596439567,28.20531034334815,28.367984548764042
0.5029395860422625,2.9099999999999997,25.718046015871398,26.965134825273704,27.59704635498924,27.914866196020284,28.074241307705
0.5053046033186138,2.9299999999999997,25.47909092344391,26.70145684652359,27.320779757049287,27.632266815598342,27.78846625720956
0.5076484483904471,2.9499999999999997,25.246078802507622,26.44462626296039,27.051825071866265,27.357213146090125,27.51035416037577
0.5099713795332768,2.9699999999999998,25.01880370998321,26.19439304169662,26.789909309778785,27.089420631310357,27.239614660614148
0.5122736515346608,2.9899999999999998,24.79706863333602,25.950518706080516,26.53477243178421,26.828618369606644,26.975971408867153
0.5145555157264252,3.01,24.580685034397458,25.712775697316907,26.286166611773844,26.574548325775112,26.719161250286472
0.5168172200179655,3.03,24.369472419528122,25.48094677672063,26.043855547470802,26.3269645957836,26.468933465777067
0.5190590089304995,3.05,24.163257934459327,25.254824465698857,25.807613816435726,26.085632720292708,26.22504906421024
0.5212811236321644,3.07,23.96187598226005,25.034210520786992,25.57722627380647,25.85032904330446,25.987280121466732
0.5234838019738465,3.09,23.765167862980555,24.8189154412715,25.35248748871153,25.620840112574953,25.75540916279371
0.5256672785256501,3.11,23.57298143362125,24.608758007125143,25.133201216547292,25.396962118707567,25.52922858525542
0.5278317846139128,3.13,23.385170787164306,24.403564845154484,24.91917990453516,25.17850037009622,25.3085401173229
0.5299775483586844,3.15,23.201595949489896,24.203170021420217,24.710244228181836,24.96526880111895,25.09315431289133
0.5321047947115903,3.17,23.02212259307714,24.007414658138256,24.506222656454934,24.757089511192373,24.882890077234528
0.5342137454940086,3.19,22.846621766461904,23.816146573404218,24.306951043657925,24.553792332488758,24.67757422260655
0.5363046194354933,3.21,22.674969638492687,23.62921994220901,24.11227224614719,24.355214424292793,24.477041051384752
0.5383776322123826,3.23,22.507047256486178,23.44649497732459,23.922035762175117,24.161199892132363,24.281131964813316
0.5404329964865341,3.25,22.342740317446534,23.267837628747575,23.736097393278982,23.97159942996656,24.08969509556207
0.5424709219441365,3.27,22.181938951562923,23.093119300480243,23.5543189257512,23.786269983843113,23.90258496245084
0.5444916153345468,3.29,22.024537517254274,22.922216583520665,23.376567830841378,23.60507443556278,23.719662145820426
0.5464952805091104,3.31,21.870434407075628,22.755011004013387,23.20271698243912,23.42788130499751,23.540792982145426
0.5484821184599216,3.33,21.71953186384454,22.591388785587156,23.03264439108022,23.254564469811303,23.365849276591284
0.5504523273584866,3.3499999999999996,21.571735806388652,22.4312406249768,22.86623295320522,23.085002901427934,23.194708032316782
0.5524061025942564,3.3699999999999997,21.426955664352093,22.27446148008859,22.703370214676244,22.919080416173422,23.02725119541096
0.5543436368129947,3.3899999999999997,21.285104221535413,22.120950369728604,22.543948147631507,22.756685440601753,22.86336541443742
0.5562651199549541,3.4099999999999997,21.146097467275986,21.970610184267127,22.38786293982208,22.597710790083664,22.70294181363311
0.5581707392928328,3.4299999999999997,21.009854455408025,21.82334750656336,22.235014795638005,22.44205345980581,22.54587577887928
0.560060679469488,3.4499999999999997,20.876297170369078,21.679072442519956,22.085307748085608,22.289614427388173,22.392066755625002
0.561935122535384,3.4699999999999998,20.745350400047826,21.537698460681018,21.93864948103106,22.140298466384536,22.241418058003244
0.5637942479857543,3.4899999999999998,20.616941614992836,21.39914224032638,21.794951161072614,21.994013969982916,22.093836688433342
0.5656382327974607,3.51,20.491000853625376,21.263323527551783,21.65412727844796,21.85067278427039,21.94923316705324
0.5674672514655316,3.53,20.367460613121185,21.13016499885864,21.516095496424178,21.71019005047116,21.80752137037111
0.5692814760393669,3.55,20.24625574564757,20.999592131809326,21.380776508655995,21.572484055608108,21.668618378568706
0.5710810761585934,3.57,20.12732335965957,20.871533082331908,21.24809390403163,21.437476091074675,21.532444330926936
0.572866219088562,3.59,20.010602725978938,20.745918568286967,21.11797403855967,21.305090318640133,21.39892228888175
0.5746370697554741,3.61,19.896035188394535,20.622681758933236,20.990345913878436,21.17525364344249,21.267978106250702
0.5763937907811291,3.63,19.78356407853956,20.50175816995249,20.865141061998337,21.047895593553626,21.139540306201795
0.578136542517284,3.65,19.673134634815312,20.38308556371659,20.74229343591298,20.922948205729128,21.013539964565577
0.57986548307962,3.67,19.564693925144514,20.266603854498367,20.621739305738096,20.800345916980074,20.889910599116686
0.5815807683813079,3.69,19.45819077335068,20.15225501834869,20.503417160060486,20.68002546162902,20.768588064476916
0.5832825521661683,3.71,19.353575688971272,20.03998300737767,20.38726761219849,20.561925773532945,20.64951045231361
0.5849709860414227,3.73,19.250800800324207,19.92973366819586,20.273233311095687,20.44598789317788,20.53261799652912
0.5866462195100318,3.75,19.149819790657677,19.821454664285735,20.161258856586603,20.33215487936812,20.41785298315647
0.5883084000026173,3.77,19.050587837222377,19.715095402087467,20.051290718789375,20.220371725250075,20.305159664693974
0.5899576729089677,3.79,18.953061553115585,19.610606960597394,19.94327716139665,20.11058527842875,20.19448417862973
0.5915941816091232,3.81,18.8571989317545,19.507942024288788,19.8371681686494,20.002744164948496,20.085774469921475
0.5932180675040426,3.83,18.762959293844187,19.407054819176427,19.732915375791684,19.896798716924728,19.97898021721272
0.5948294700458487,3.8499999999999996,18.670303236713572,19.307901051857158,19.630472002817296,19.792700903626333,19.874052762579037
0.5964285267676555,3.8699999999999997,18.57919258590006,19.21043785136908,19.5297927913304,19.690404265821098,19.77094504461222
0.5980153733129739,3.8899999999999997,18.489590348869484,19.11462371372023,19.43083394435303,19.58986385320725,19.669611534660408
0.5995901434647023,3.9099999999999997,18.401460670764834,19.020418448947527,19.333553068922086,19.491036164765475,19.570008176054223
0.6011529691736978,3.9299999999999997,18.314768792083402,18.927783130574444,19.237909121329004,19.393879091875945,19.472092326159498
0.6027039805869343,3.9499999999999997,18.229481008186422,18.83668004734309,19.143862354862094,19.298351864053274,19.37582270110548
0.6042433060752482,3.9699999999999998,18.145564630552133,18.747072657104777,19.051374269921947,19.20441499716243,19.281159323048286
0.6057710722606726,3.9899999999999998,18.062987949686455,18.658925542758077,18.960407566385935,19.112030243985146,19.188063469835587
0.6072874040433653,4.01,17.981720199611246,18.57220437013141,18.870926098106438,19.02116054701542,19.096497626948302
0.6087924246281318,4.03,17.901731523853982,18.48687584771197,18.782894829433527,18.93176999336904,19.00642544160111
0.6102862555505467,4.05,17.82299294286651,18.40290768812838,18.696279793658718,18.843823771698403,18.91781167889064
0.6117690167026785,4.07,17.7454763228053,18.320268571300602,18.61104805328352,18.75728813101151,18.83062217988748
0.6132408263584181,4.09,17.669154345608078,18.238928109174047,18.527167662020556,18.672130341298004,18.744823821572766
0.6147018011984189,4.109999999999999,17.59400048030585,18.15885681196045,18.444607628440963,18.588318655871948,18.66038447852663
0.6161520563346478,4.13,17.51998895551242,18.080026055811892,18.36333788118667,18.505822275345547,18.577272986280903
0.6175917053345557,4.1499999999999995,17.447094733036728,18.002408051858893,18.283329235670674,18.42461131315343,18.495459106253644
0.619020860244868,4.17,17.375293482565223,17.925975816546025,18.204553362191856,18.344656762550162,18.414913492186365
0.6204396316150009,4.1899999999999995,17.304561557365705,17.85070314320371,18.126982755396288,18.265930465009895,18.335607658011327
0.6218481285201085,4.21,17.234875970965412,17.776564574797113,18.05059070501974,18.188405079959562,18.257513947078568
0.6232464585837629,4.2299999999999995,17.166214374758695,17.703535377795966,17.97535126784949,18.112054055780842,18.18060550267657
0.6246347280002744,4.25,17.098555036502685,17.631591517113495,17.901239240848042,18.036851602020775,18.10485623978491
0.6260130415566537,4.27,17.031876819660475,17.560709632063862,17.828230135383063,17.962772662752695,18.03024081799955
0.6273815026542231,4.29,16.966159163553538,17.490867013290494,17.75630015251127,17.889792891032894,17.956734615574554
0.6287402133298797,4.31,16.901382064288224,17.422041580621656,17.685426159267806,17.81788862440218,17.884313704528644
0.6300892742770157,4.33,16.83752605642082,17.354211861809244,17.615585665913176,17.747036861382337,17.812954826765363
0.6314287848660998,4.35,16.774572195329476,17.287356972111553,17.546756804094226,17.67721523892201,17.74263537116021
0.6327588431649264,4.37,16.71250204026129,17.221456594681044,17.478918305876654,17.608402010747415,17.673333351569664
0.6340795459585344,4.39,16.651297638025802,17.156490961721396,17.41204948360977,17.54057602657708,17.605027385719794
0.6353909887688034,4.41,16.590941507305978,17.09244083637861,17.346130210584793,17.473716712160098,17.537696674933652
0.636693265873728,4.43,16.531416623560673,17.029287495334092,17.2811409024518,17.407804050101365,17.47132098465984
0.6379864703263795,4.45,16.47270640449292,16.967012712068215,17.21706249936057,17.34281856143783,17.40588062576549
0.6392706939735557,4.47,16.414794696059737,16.90559874076483,17.15387644879326,17.278741287931936,17.341356436559455
0.6405460274741268,4.49,16.357665759000618,16.84502830082879,17.091564689058245,17.215553775050612,17.27772976551302
0.6418125603170778,4.51,16.301304255862753,16.785284561989624,17.030109633415833,17.15323805559907,17.21498245464708
0.6430703808392566,4.53,16.245695238501824,16.72635112996578,16.96949415480804,17.09177663398054,17.15309682355614
0.6443195762428298,4.55,16.190824136038966,16.668212032665846,16.909701571166405,17.03115247105476,17.09205565404147
0.6455602326124498,4.57,16.13667674325436,16.61085170690305,16.850715631272404,16.97134896956878,17.031842175326496
0.6467924349321413,4.59,16.083239209399657,16.554254985601467,16.792520501146715,16.912349960135277,16.972440049829043
0.6480162671019076,4.61,16.030498027412087,16.498407085473293,16.73510075094489,16.854139687735174,16.913833359466857
0.6492318119540633,4.63,15.978440023513532,16.443293595146944,16.678441342337557,16.796702798721626,16.856006592472905
0.6504391512692983,4.6499999999999995,15.927052347178678,16.388900463727015,16.622527616354386,16.74002432830386,16.79894463069865
0.6516383657924752,4.67,15.876322461458317,16.335213989768985,16.567345281673294,16.68408968849164,16.742632737385602
0.6528295352481672,4.6899999999999995,15.826238133641795,16.28222081064994,16.512880403334613,16.628884656479148,16.68705654538364
0.6540127383559377,4.71,15.776787426246585,16.229907892320476,16.459119391864018,16.574395363451593,16.63220204579893
0.6551880528453686,4.7299999999999995,15.72795868832079,16.17826251942111,16.40604899278617,16.520608283795685,16.578055577052424
0.6563555554708402,4.75,15.679740547046848,16.127272285748873,16.353656276513657,16.467510224698014,16.524603814332494
0.6575153220260658,4.77,15.632121899633987,16.076925085059575,16.30192862859532,16.415088316114794,16.471833759425007
0.6586674273583869,4.79,15.585091905488527,16.027209102192355,16.25085374030965,16.36333000109811,16.41973273090557
0.6598119453828326,4.81,15.538639978650854,15.978112804503555,16.200419599589143,16.312223026463986,16.36828835467912
0.6609489490959458,4.83,15.492755780488677,15.92962493359734,16.15061448226209,16.26175543378833,16.317488554852556
0.6620785105893808,4.85,15.447429212636786,15.881734497341602,16.101426943599243,16.211915550717578,16.267321544927054
0.6632007010632787,4.87,15.402650410173704,15.834430762157595,16.052845810153123,16.16269198258156,16.217775819297348
0.6643155908394184,4.89,15.358409735026115,15.787703245572633,16.004860171878313,16.114073604296216,16.168840145045362
0.6654232493741541,4.91,15.314697769592543,15.741541709025729,15.95745937452171,16.066049552545046,16.120503554016963
0.6665237452711373,4.93,15.271505310577432,15.695936150915708,15.910633012271774,16.018609218227663,16.07275533516982
0.6676171462938303,4.95,15.228823363028507,15.650876799883394,15.86437092065733,15.971742239165799,16.025585027182803
0.6687035193778126,4.97,15.186643134568856,15.606354108317769,15.818663169685346,15.925438493055816,15.978982411315535
0.669782930642886,4.99,15.144956029817262,15.562358746078505,15.773500057209324,15.879688090658968,15.932937504509352
0.6708554454049792,5.01,15.103753644988828,15.518881594425581,15.728872102518398,15.834481369219258,15.887440552719282
0.6719211281878584,5.03,15.063027762670453,15.475913740149359,15.684770040139965,15.789808886101355,15.842482024469364
0.672980042734644,5.05,15.022770346763178,15.433446469892111,15.641184813846209,15.745661412638698,15.798052604621315
0.674032252019139,5.07,14.98297353758681,15.391471264655257,15.598107570858241,15.702029928185217,15.754143188349822
0.6750778182569723,5.09,14.943629647139554,15.349979794484067,15.55552965623921,15.65890561436175,15.710744875315362
0.6761168029165585,5.11,14.904731154508044,15.308963913324291,15.513442607470127,15.616279849490672,15.667848964028098
0.677149266729879,5.13,14.866270701421488,15.268415654043423,15.471838149200925,15.574144203211041,15.62544694639479
0.6781752697030863,5.1499999999999995,14.828241087945438,15.228327223611384,15.430708188170838,15.532490431268059,15.583530502442667
0.6791948711269361,5.17,14.790635268309588,15.188690998434032,15.390044808291258,15.491310470469887,15.542091495212993
0.680208129587048,5.1899999999999995,14.753446346865344,15.14949951983457,15.349840265885689,15.450596433806128,15.50112196581867
0.6812151029740002,5.21,14.716667574167861,15.110745489676786,15.310086985080279,15.410340605721357,15.46061412865906
0.6822158484932592,5.2299999999999995,14.680292343178882,15.072421766125625,15.270777553340183,15.370535437538694,15.420560366787038
0.6832104226749482,5.25,14.644314185585772,15.034521359539976,15.231904717146218,15.331173543027743,15.3809532274224
0.6841988813834565,5.27,14.608726768232385,14.99703742849253,15.193461377806297,15.292247694111273,15.34178541760599
0.6851812798268946,5.29,14.573523889658414,14.959963275912772,15.155440587397518,15.253750816706177,15.303049799989973
0.6861576725663937,5.31,14.538699476743169,14.923292345348443,15.117835544833786,15.215675986693675,15.264739388759175
0.6871281135252573,5.33,14.504247581449972,14.887018217341161,15.080639592054508,15.178016426013942,15.226847345678557
0.6880926559979629,5.35,14.470162377668071,14.851134605912446,15.043846210330189,15.140765498881008,15.189366976262605
0.68905135265902,5.37,14.436438158148718,14.815635355156378,15.007449016681063,15.10391670811383,15.1522917260625
0.6900042555716839,5.39,14.403069331531565,14.780514435934496,14.971441760403911,15.067463691578592,15.115615177066081
0.6909514161965311,5.41,14.370050419459252,14.745765942670353,14.935818319704461,15.031400218739554,15.079331044207718
0.6918928853998952,5.43,14.337376053776588,14.711384090239651,14.90057269843088,14.995720187313747,15.043433171983576
0.6928287134621681,5.45,14.305040973811401,14.67736321095266,14.865699022904945,14.960417620026101,15.007915531168546
0.6937589500859689,5.47,14.273040023734836,14.643697751626227,14.831191538847955,14.925486661461864,14.972772215631844
0.6946836444041807,5.49,14.24136814999797,14.610382270741864,14.797044608397705,14.890921575012584,14.937997439247402
0.6956028449878605,5.51,14.210020398842289,14.577411435687095,14.763252707213425,14.856716739912496,14.903585532895834
0.6965165998540216,5.53,14.178991913881953,14.54478002007764,14.729810421666201,14.82286664836263,14.86953094155534
0.6974249564732928,5.55,14.148277933754878,14.512482901157103,14.696712446111253,14.789365902739043,14.83582822147779
0.6983279617774562,5.57,14.117873789840882,14.480515057272017,14.663953580239866,14.756209212882794,14.802472037447634
0.6992256621668638,5.59,14.08777490404438,14.44887156541955,14.631528726507982,14.723391393468672,14.769457160120632
0.7001181035177382,5.61,14.057976786639765,14.417547598865605,14.599432887639193,14.69090736145026,14.736778463439846
0.7010053311893568,5.63,14.028475034177278,14.386538424830823,14.567661164199324,14.658752133578513,14.704430922126138
0.7018873900311228,5.6499999999999995,13.9992653274474,14.355839402242315,14.53620875224046,14.626920823991604,14.672409609240846
0.7027643243895242,5.67,13.97034342950213,14.325445979549164,14.505070941012198,14.59540864187373,14.640709693818303
0.703636178114984,5.6899999999999995,13.941705183730884,14.295353692599162,14.474243110737495,14.564210889180245,14.609326438565525
0.7045029945686018,5.71,13.91334651198985,14.265558162575465,14.44372073045169,14.533322958427576,14.5782551976275
0.70536481662879,5.7299999999999995,13.885263412782525,14.236055093990531,14.413499355901955,14.502740330545135,14.547491414415273
0.7062216866978064,5.75,13.857451959490122,14.206840272735866,14.383574627505539,14.472458572787556,14.517030619495106
0.7070736467081831,5.77,13.82990829865049,14.177909564186084,14.353942268365225,14.4424733367056,14.486868428537027
0.707920738129057,5.79,13.802628648283289,14.149258911354632,14.324598082339254,14.412780356172904,14.457000540319976
0.7087630019724,5.81,13.775609296261083,14.12088433310084,14.29553795216527,14.383375445468175,14.427422734792982
0.7096004787991531,5.83,13.74884659872357,14.092781922385141,14.266757837635069,14.35425449740939,14.398130871189116
0.7104332087252642,5.85,13.72233697853512,14.06494784457265,14.238253773820126,14.325413481540142,14.36912088619214
0.7112612314276336,5.87,13.696076923782686,14.037378335781801,14.210021869344663,14.296848442364693,14.340388792152492
0.7120845861499662,5.89,13.670062986314512,14.010069701278386,14.18205830470647,14.268555497631914,14.311930675352759
0.7129033117085338,5.91,13.644291780316786,13.983018313912023,14.154359330642313,14.240530836665036,14.283742694319526
0.7137174464978484,5.93,13.618759980928383,13.95622061259496,14.12692126653795,14.21277071873699,14.255821078181349
0.7145270284962483,5.95,13.593464322891688,13.92967310082109,14.099740498880376,14.185271471489134,14.228162125070654
0.7153320952713974,5.97,13.568401599238817,13.903372345224383,14.072813479751524,14.158029489392382,14.200762200568525
0.7161326839857013,5.99,13.543568660012275,13.87731497417553,14.046136725362187,14.131041232249556,14.17361773619126
0.7169288314016398,6.01,13.518962411018261,13.851497676415065,14.019706814624197,14.104303223736954,14.146725227916555
0.7177205738870176,6.03,13.494579812612917,13.825917199722905,13.993520387760944,14.077812049985154,14.120081234749419
0.7185079474201354,6.05,13.470417878519251,13.800570349622127,13.967574144953808,14.051564358196618,14.09368237732532
0.7192909875948815,6.07,13.446473674674765,13.775453988116734,13.941864845024325,14.025556855299902,14.067525336550396
0.7200697296257468,6.09,13.422744318108164,13.750565032461768,13.916389304150336,13.999786306638658,14.041606852276804
0.720844208352763,6.11,13.399226975845108,13.725900453965584,13.89114439461586,13.974249534695138,14.015923722013039
0.7216144582463659,6.13,13.375918863841216,13.701457276822394,13.866127043592776,13.948943417846335,13.990472799667236
0.722380513412186,6.15,13.352817245942317,13.677232576975008,13.841334231954189,13.923864889152478,13.965250994323219
0.7231424075957653,6.17,13.329919432870735,13.653223481006387,13.81676299311804,13.899010935176555,13.940255269047931
0.7239001741872043,6.1899999999999995,13.307222781236801,13.629427165059184,13.792410411920077,13.874378594833846,13.915482639729218
0.7246538462257387,6.21,13.284724692575553,13.605840853783109,13.768273623515999,13.84996495827133,13.89093017394383
0.725403456404247,6.2299999999999995,13.262422612406594,13.582461819308003,13.744349812310569,13.825767165774701,13.866594989853368
0.7261490370736909,6.25,13.240314029317895,13.55928738024333,13.720636210914464,13.801782406703756,13.842474255128886
0.7268906202474894,6.27,13.218396474071834,13.536314900702259,13.697130099126852,13.77800791845409,13.818565185902157
0.727628237605827,6.29,13.196667518733257,13.513541789350164,13.673828802943591,13.754440985445083,13.79486504574345
0.7283619204998981,6.31,13.17512477581897,13.490965498476706,13.650729693590181,13.731078938133066,13.771371144664874
0.7290916999560889,6.33,13.153765897467888,13.468583523090762,13.627830186578556,13.707919152049058,13.748080838148466
0.7298176066800954,6.35,13.13258857463125,13.44639340003757,13.605127740787266,13.684959046860259,13.724991526198377
0.7305396710609824,6.37,13.111590536282636,13.424392707137601,13.58261985756437,13.6621960854549,13.70210065241663
0.731257923175181,6.39,13.09076954864683,13.402579062346344,13.560304079852179,13.639627773049344,13.67940570310143
0.731972392790428,6.41,13.070123414447252,13.380950122934504,13.538177991333495,13.61725165631726,13.656904206367695
0.7326831093696469,6.43,13.049649972171524,13.359503584688186,13.516239215598656,13.595065322539979,13.634593731289133
0.7333901020747713,6.45,13.029347095354243,13.338237181128079,13.494485415332562,13.573066398777366,13.612471887060948
0.734093399770513,6.47,13.009212691877115,13.317148682747737,13.472914291521606,13.551252551059001,13.590536322183153
0.7347930310280751,6.49,12.989244703285394,13.29623589626981,13.45152358267949,13.52962148359463,13.568784723663326
0.7354890241288091,6.51,12.969441104120566,13.275496663920174,13.43031106409166,13.508170938003753,13.547214816238725
0.7361814070678211,6.53,12.94979990126867,13.254928862719254,13.409274547077821,13.486898692563589,13.52582436161697
0.7368702075575229,6.55,12.9303191333238,13.234530403790052,13.388411878271878,13.465802561474915,13.504611157734804
0.7375554530311338,6.57,12.910996869966574,13.214299231682638,13.36772093891909,13.44488039414547,13.483573038034626
0.7382371706461299,6.59,12.891831211356813,13.194233323714258,13.347199644189576,13.424130074490085,13.462707870757882
0.7389153872876445,6.61,12.872820287540629,13.174330689325261,13.326845942508365,13.403549520247722,13.44201355825558
0.7395901295718184,6.63,12.85396225787075,13.154589369449583,13.306657814900657,13.38313668231401,13.421488036314482
0.7402614238491025,6.65,12.835255310440573,13.135007435900299,13.2866332743528,13.362889544089922,13.401129273499581
0.7409292962075135,6.67,12.81669766153085,13.115582990769068,13.266770365187828,13.342806120845262,13.38093527051155
0.7415937724758408,6.6899999999999995,12.798287555069114,13.0963141658395,13.247067162455565,13.32288445909706,13.360904059559257
0.7422548782268097,6.71,12.78002326210152,13.07719912201421,13.227521771336955,13.30312263600249,13.341033703746984
0.7429126387801975,6.7299999999999995,12.761903080276376,13.058236048754644,13.208132326561804,13.283518758765494,13.321322296475458
0.7435670792059064,6.75,12.743925333339575,13.039423163533996,13.188896991840164,13.264070964057336,13.301767960856994
0.7442182243269915,6.77,12.726088370641197,13.020758711302314,13.16981395930644,13.244777417450178,13.28236884914374
0.7448660987226468,6.79,12.708390566653318,13.002240963963919,13.150881448976397,13.225636312863765,13.263123142169256
0.7455107267311477,6.81,12.690830320498465,12.983868219866517,13.132097708216305,13.206645872024584,13.244029048802602
0.7461521324527527,6.83,12.673406055488522,12.96563880330166,13.113461011224016,13.187804343937136,13.22508480541475
0.7467903397525633,6.85,12.656116218674116,12.947551064016787,13.094969658522025,13.169110004367532,13.206288675357388
0.747425372263344,6.87,12.63895928040355,12.929603376737639,13.076621976461485,13.150561155338165,13.187638948452921
0.7480572533883024,6.89,12.621933733891924,12.91179414070186,13.058416316737762,13.132156124634248,13.1691339404965
0.7486860063038304,6.91,12.605038094799243,12.894121779202383,13.040351055916316,13.11389326532087,13.15077199276863
0.7493116539622063,6.93,12.588270900818111,12.87658473914137,13.0224245949695,13.095770955271178,13.132551471559054
0.7499342190942597,6.95,12.57163071127022,12.859181490593672,13.004635358823357,13.077787596704784,13.114470767700944
0.7505537242119988,6.97,12.55511610671158,12.841910526379952,12.986981795914447,13.059941615736424,13.09652829611545
0.7511701916112015,6.99,12.538725688546469,12.82477036164921,12.969462377756512,13.042231461934612,13.078722495366371
0.7517836433739692,7.01,12.522458078649532,12.807759533470309,12.95207559851651,13.024655607889907,13.061051827224478
0.752394101371247,7.03,12.506311918996085,12.79087660043243,12.934819974599959,13.007212548792648,13.04351477624148
0.7530015872653065,7.05,12.490285871300266,12.774120142254043,12.917694044245165,12.989900802019774,13.026109849333098
0.7536061225121972,7.07,12.474378616661056,12.757488759400562,12.900696367126507,12.972718906730856,13.008835575371485
0.7542077283641608,7.09,12.45858885521573,12.740981072709982,12.883825523966006,12.955665423472642,12.991690504786222
0.7548064258720151,7.11,12.442915305800557,12.724595723026583,12.867080116153353,12.938738933792154,12.974673209173963
0.7554022358875024,7.13,12.42735670561891,12.70833137084254,12.850458765374135,12.92193803985821,12.957782280916579
0.7559951790656085,7.15,12.411911809916186,12.692186695947079,12.83396011324594,12.905261364090974,12.941016332807415
0.7565852758668472,7.17,12.396579391661545,12.676160397083034,12.81758282096217,12.888707548799315,12.924373997685471
0.7571725465595152,7.1899999999999995,12.3813582412365,12.660251191610824,12.801325568943563,12.872275255826146,12.907853928077513
0.7577570112219157,7.21,12.366247166129716,12.644457815179265,12.785187056496886,12.85596316620092,12.891454795847634
0.7583386897445515,7.2299999999999995,12.351244990638435,12.62877902140355,12.769166001481016,12.839769979799815,12.875175291854319
0.7589176018322888,7.25,12.336350555575837,12.61321358154967,12.753261139979811,12.823694415012737,12.859014125614618
0.759493767006491,7.27,12.321562717984694,12.597760284225783,12.737471225982114,12.807735208417661,12.842970024975585
0.7600672046071237,7.29,12.306880350856627,12.58241793507956,12.72179503106812,12.791891114461407,12.827041735792289
0.7606379337948319,7.31,12.292302342857448,12.567185356502225,12.706231344102546,12.776160905147421,12.811228021612857
0.7612059735529882,7.33,12.277827598057856,12.5520613873384,12.690778970933971,12.760543369729781,12.795527663369832
0.7617713426897137,7.35,12.26345503566971,12.537044882602014,12.675436734100444,12.745037314413628,12.779939459078001
0.7623340598398722,7.37,12.249183589787695,12.522134713198067,12.660203472541156,12.729641562061781,12.764462223538468
0.7628941434670373,7.39,12.23501220913628,12.507329765650146,12.645078041314138,12.71435495190749,12.74909478804894
0.7634516118654326,7.41,12.220939856821525,12.49262894183326,12.630059311319473,12.699176339272793,12.733836000119638
0.7640064831618469,7.43,12.206965510088223,12.478031158712353,12.615146169028414,12.684104595292949,12.718684723195366
0.7645587753175236,7.45,12.193088160081604,12.463535348085927,12.60033751621783,12.66913860664622,12.703639836382997
0.7651085061300241,7.47,12.179306811614088,12.449140456334995,12.585632269710185,12.65427727528936,12.68870023418468
0.7656556932350677,7.49,12.16562048293644,12.434845444176938,12.571029361118608,12.639519518198279,12.673864826236281
0.766200354108346,7.51,12.152028205513636,12.420649286424394,12.55652773659721,12.624864267114017,12.659132537051232
0.7667425060673142,7.53,12.138529023805084,12.406550971748908,12.542126356596347,12.610310468293827,12.644502305769446
0.7672821662729576,7.55,12.125121995049238,12.392549502449345,12.527824195622843,12.59585708226724,12.62997308591136
0.7678193517315367,7.57,12.11180618905236,12.37864389422479,12.513620242004855,12.581503083596914,12.615543845136742
0.7683540792963061,7.59,12.098580687981572,12.364833175952116,12.499513497661596,12.567247460644419,12.601213565008493
0.768886365669215,7.61,12.085444586161872,12.351116389467812,12.48550297787753,12.553089215340558,12.586981240761043
0.7694162274025814,7.63,12.072396989877022,12.337492589354094,12.471587711080929,12.539027362960152,12.572845881073253
0.7699436809007475,7.65,12.059437017174513,12.323960842729328,12.457766738626997,12.525060931901509,12.558806507846
0.7704687424217113,7.67,12.046563797674104,12.310520229042393,12.44403911458504,12.511188963469927,12.54486215598391
0.7709914280787379,7.6899999999999995,12.033776472380229,12.297169839871229,12.430403905530003,12.497410511665741,12.53101187318162
0.7715117538419503,7.71,12.021074193497828,12.28390877872505,12.416860190337793,12.483724642976192,12.517254719713888
0.7720297355398982,7.7299999999999995,12.008456124251985,12.270736160850737,12.403407059984978,12.47013043617171,12.503589768230231
0.7725453888611077,7.75,11.995921438710655,12.257651113042538,12.390043617351893,12.456626982105746,12.490016103553048
0.77305872935561,7.77,11.98346932161119,12.244652773455881,12.376768977030007,12.443213383518902,12.476532822480166
0.7735697724364516,7.79,11.971098968189796,12.231740291424398,12.363582265132663,12.42988875484648,12.463139033590776
0.7740785333811833,7.81,11.95880958401444,12.218912827280612,12.350482619109616,12.416652222029933,12.449833857055339
0.7745850273333316,7.83,11.94660038482087,12.206169552180057,12.33746918756508,12.403502922331871,12.436616424449074
0.7750892693038504,7.85,11.93447059635174,12.193509647928723,12.324541130079291,12.390440004154677,12.423485878569064
0.7755912741725542,7.87,11.922419454198646,12.180932306813643,12.311697617033305,12.377462626862357,12.410441373254685
0.7760910566895336,7.89,11.910446203647297,12.168436731436916,12.298937829437373,12.364569960606104,12.397482073211698
0.7765886314765514,7.91,11.898550099525492,12.156022134552698,12.286260958762357,12.351761186152913,12.384607153839497
0.7770840130284219,7.93,11.886730406053884,12.143687738907241,12.273666206774392,12.3390354947175,12.371815801061656
0.7775772157143731,7.95,11.874986396699569,12.131432777081995,12.261152785372625,12.326392087797387,12.359107211159664
0.7780682537793899,7.97,11.863317354032485,12.119256491339694,12.248719916430131,12.313830177011207,12.346480590609913
0.7785571413455427,7.99,11.851722569584247,12.107158133473158,12.236366831637607,12.301348983939805,12.333935155923545
0.7790438924132961,8.01,11.840201343709676,12.095136964656922,12.22409277234999,12.288947739970384,12.3214701334893
0.7795285208628043,8.03,11.828752985451047,12.083192255301835,12.21189698943622,12.276625686143772,12.309084759419564
0.7800110404551883,8.05,11.817376812404508,12.07132328491202,12.199778743131349,12.264382073004159,12.296778279398918
0.7804914648337968,8.07,11.806072150589154,12.05952934194466,12.187737302891685,12.252216160451841,12.284549948535672
0.780969807525453,8.09,11.794838334318483,12.047809723672392,12.175771947252555,12.24012721759872,12.272399031216212
0.7814460819416836,8.11,11.783674706073993,12.03616373604797,12.163881963688507,12.22811452262619,12.260324800961772
0.7819203013799345,8.13,11.772580616381319,12.024590693571735,12.152066648476316,12.216177362645965,12.248326540288117
0.7823924790247693,8.15,11.761555423688423,12.0130899191612,12.140325306560285,12.204315033563205,12.236403540567597
0.7828626279490551,8.17,11.750598494246073,12.001660744023216,12.12865725142017,12.192526839942266,12.224555101893838
0.7833307611151316,8.19,11.739709201990406,11.990302507528275,12.11706180494133,12.180812094874813,12.21278053294878
0.7837968913759663,8.209999999999999,11.728886928427562,11.97901455708716,12.105538297287284,12.16917011985032,12.201079150872177
0.7842610314762968,8.23,11.718131062520637,11.967796248029956,12.094086066774786,12.157600244629117,12.18945028113363
0.7847231940537559,8.25,11.707441000578136,11.956646943486836,12.082704459750662,12.146101807117272,12.177893257406483
0.7851833916399863,8.27,11.696816146144956,11.945566014271437,12.071392830471357,12.134674153244239,12.166407421444493
0.785641636661739,8.29,11.686255909894939,11.934552838765994,12.060150540984337,12.123316636842329,12.154992122960389
0.7860979414419597,8.31,11.675759709525428,11.92360680280864,12.048976961011697,12.112028619528495,12.143646719506677
0.7865523182008604,8.33,11.665326969653734,11.912727299582713,12.037871467835847,12.100809470588189,12.132370576358632
0.7870047790569799,8.35,11.654957121715329,11.901913729507964,12.026833446187204,12.089658566861289,12.121163066399317
0.7874553360282294,8.37,11.644649603863831,11.89116550013369,12.015862288133835,12.07857529262997,12.110023570006575
0.7879040010329265,8.39,11.634403860872773,11.880482026033778,12.004957392973106,12.067559039508682,12.098951474942133
0.7883507858908162,8.41,11.62421934403911,11.869862728703605,11.994118167125258,12.056609206336002,12.087946176242664
0.7887957023240793,8.43,11.614095511088268,11.85930703645863,11.98334402402869,12.045725199068322,12.077007076112588
0.7892387619583291,8.45,11.604031826081046,11.84881438433494,11.972634384037352,12.034906430675578,12.066133583819042
0.7896799763235958,8.47,11.594027759321778,11.838384213991219,11.961988674319517,12.02415232103846,12.05532511558826
0.7901193568552984,8.49,11.584082787268596,11.828015973612859,11.951406328758829,12.013462296847939,12.044581094504334
0.7905569148952061,8.51,11.574196392444636,11.81770911781724,11.940886787856542,12.00283579150592,12.03390095040912
0.7909926616923866,8.53,11.564368063351258,11.807463107561032,11.93042949863587,11.99227224502815,12.023284119804373
0.7914266084041447,8.55,11.554597294382448,11.797277410048844,11.920033914547702,11.98177110394844,12.012730045755244
0.7918587660969483,8.57,11.544883585740811,11.78715149864358,11.90969949537811,11.97133182122474,12.002238177795642
0.7922891457473434,8.59,11.53522644335493,11.777084852778254,11.899425707157347,11.960953856146753,11.991807971835101
0.7927177582428594,8.61,11.525625378798196,11.767076957869353,11.88921202207048,11.950636674245127,11.981438890067345
0.7931446143829018,8.63,11.516079909208804,11.757127305231505,11.879057918369321,11.940379747202089,11.971130400880183
0.7935697248796358,8.65,11.506589557211521,11.747235391994032,11.868962880286372,11.930182552764004,11.960881978767425
0.7939931003588587,8.67,11.49715385084017,11.737400721018254,11.858926397949487,11.920044574654773,11.950693104241623
0.7944147513608616,8.69,11.487772323462005,11.727622800816835,11.848947967298695,11.909965302491344,11.940563263748924
0.7948346883412816,8.71,11.478444513702907,11.717901145474029,11.839027090003928,11.899944231700177,11.930491949584937
0.7952529216719437,8.73,11.469169965374089,11.708235274567528,11.8291632733844,11.889980863435422,11.920478659812229
0.7956694616416928,8.75,11.4599482273999,11.69862471309146,11.81935603032922,11.880074704498266,11.910522898179137
0.7960843184572153,8.77,11.450778853746778,11.689068991380708,11.809604879219307,11.8702252672577,11.90062417403988
0.7964975022438519,8.79,11.441661403353597,11.67956764503662,11.79990934385079,11.860432069572722,11.890782002276213
0.7969090230464001,8.81,11.432595440062903,11.670120214853736,11.790268953359455,11.85069463471566,11.880995903220139
0.7973188908299086,8.83,11.423580532553357,11.660726246747831,11.780683242146532,11.841012491296798,11.871265402578008
0.7977271154804603,8.85,11.414616254273454,11.651385291685216,11.771151749805817,11.831385173190421,11.861590031355968
0.798133706805948,8.87,11.405702183376047,11.642096905613068,11.761674021051814,11.821812219461851,11.85196932578649
0.7985386745368404,8.89,11.396837902654175,11.632860649390992,11.752249605649185,11.812293174295833,11.842402827256205
0.7989420283269387,8.91,11.388022999477796,11.623676088723668,11.742878058343326,11.802827586926083,11.832890082234902
0.7993437777541257,8.93,11.379257065731622,11.61454279409465,11.733558938792083,11.793415011565944,11.823430642205714
0.7997439323211046,8.95,11.370539697753841,11.605460340701075,11.724291811498496,11.784055007340124,11.81402406359632
0.8001425014561308,8.97,11.361870496276028,11.596428308389713,11.715076245744834,11.774747138217775,11.804669907711517
0.8005394945137334,8.99,11.35324906636381,11.587446281593754,11.705911815527488,11.76549097294633,11.795367740666608
0.8009349207754309,9.01,11.344675017358657,11.578513849270884,11.696798099493066,11.756286084986746,11.786117133322115
0.8013287894504364,9.03,11.336147962820464,11.569630604842112,11.68773468087544,11.747132052449533,11.776917661219368
0.8017211096763555,9.05,11.327667520471152,11.56079614613179,11.678721147433867,11.738028458031955,11.767768904517244
0.8021118905198764,9.07,11.319233312139144,11.552010075308472,11.669757091392059,11.728974888956236,11.758670447929884
0.8025011409774524,9.09,11.31084496370459,11.543271998826668,11.660842109378157,11.719970936908602,11.749621880665334
0.8028888699759752,9.11,11.302502105045797,11.534581527369804,11.65197580236597,11.711016197979653,11.740622796365443
0.8032750863734425,9.13,11.294204369986058,11.525938275793674,11.643157775616677,11.702110272605218,11.731672793046299
0.803659798959616,9.15,11.285951396241698,11.517341863071177,11.634387638621911,11.693252765508564,11.722771473040021
0.8040430164566735,9.17,11.277742825370712,11.508791912237639,11.625665005047424,11.684443285643264,11.713918442937176
0.8044247475198528,9.19,11.269578302722294,11.500288050337181,11.616989492677801,11.675681446137066,11.705113313530296
0.8048050007380885,9.21,11.261457477387198,11.491829908369882,11.60836072336208,11.666966864236716,11.696355699758243
0.8051837846346415,9.23,11.25338000214873,11.483417121239697,11.599778322960043,11.658299161253472,11.687645220651353
0.8055611076677214,9.25,11.24534553343466,11.475049327703307,11.591241921289555,11.649677962509665,11.678981499277603
0.8059369782311024,9.27,11.237353731269781,11.46672617031968,11.582751152074616,11.641102897285952,11.670364162689493
0.8063114046547314,9.29,11.229404259229238,11.458447295400454,11.574305652894214,11.632573598769483,11.661792841871817
0.8066843952053298,9.31,11.221496784392638,11.45021235296116,11.565905065132126,11.624089704002918,11.653267171690322
0.8070559580869884,9.33,11.213630977298637,11.442020996672943,11.557549033927184,11.615650853833976,11.644786790840893
0.8074261014417561,9.35,11.205806511900597,11.433872883815441,11.549237208124723,11.607256692866185,11.636351341799955
0.8077948333502211,9.37,11.19802306552257,11.425767675230006,11.540969240228444,11.598906869410035,11.62796047077524
0.8081621618320866,9.39,11.190280318816217,11.417705035273928,11.532744786353225,11.590601035435105,11.619613827657629
0.8085280948467389,9.41,11.182577955718143,11.409684631775093,11.52456350617848,11.582338846522736,11.61131106597342
0.8088926402938114,9.43,11.174915663408058,11.401706135987551,11.516425062902366,11.574119961819589,11.603051842837592
0.809255806013739,9.45,11.167293132267627,11.393769222547766,11.508329123196752,11.565944043991953,11.594835818907791
0.8096175997883099,9.47,11.159710055839696,11.385873569431356,11.50027535716268,11.55781075918055,11.586662658338783
0.8099780293412083,9.49,11.152166130788366,11.378018857910636,11.492263438286649,11.549719776956202,11.578532028737818
0.8103371023385536,9.51,11.14466105685951,11.370204772512713,11.484293043397459,11.541670770276065,11.570443601120559
0.8106948263894316,9.53,11.137194536842035,11.362431000978356,11.476363852623889,11.533663415440644,11.562397049867776
0.8110512090464211,9.55,11.12976627652961,11.354697234221327,11.468475549352819,11.525697392051374,11.554392052682651
0.811406257806115,9.57,11.122375984682993,11.347003166288408,11.460627820188066,11.517772382968836,11.54642829054866
0.8117599801096337,9.59,11.115023372992887,11.339348494319948,11.452820354909809,11.509888074271595,11.53850544768814
0.8121123833431355,9.61,11.107708156043564,11.331732918511273,11.44505284643482,11.502044155215867,11.530623211521679
0.8124634748383199,9.63,11.100430051276613,11.324156142074173,11.43732499077687,11.49424031819536,11.522781272627658
0.8128132618729254,9.65,11.093188778955609,11.31661787119943,11.429636487008116,11.486476258702112,11.51497932470281
0.8131617516712218,9.67,11.085984062131239,11.309117815019778,11.42198703722102,11.47875167528786,11.507217064523331
0.8135089514044992,9.69,11.07881562660669,11.301655685573207,11.414376346490545,11.471066269525698,11.499494191906257
0.8138548681915478,9.71,11.07168320090382,11.29423119776703,11.406804122837217,11.463419745972612,11.491810409671729
0.8141995090991365,9.73,11.064586516229742,11.286844069342468,11.399270077190625,11.455811812132467,11.484165423605743
0.8145428811424836,9.75,11.057525306443873,11.279494020839653,11.391773923353464,11.448242178419536,11.476558942423402
0.8148849912857239,9.77,11.050499308025424,11.272180775563172,11.384315377966033,11.440710558122488,11.46899067773265
0.8152258464423697,9.79,11.043508260041534,11.264904059548224,11.376894160471448,11.43321666736912,11.461460343998784
0.8155654534757681,9.81,11.036551904115594,11.257663601527073,11.3695099930811,11.425760225091324,11.453967658509132
0.8159038191995522,9.83,11.029629984396346,11.250459132896234,11.3621626007409,11.418340952990846,11.446512341338622
0.8162409503780879,9.85,11.022742247527177,11.243290387683928,11.354851711097796,11.410958575505333,11.439094115315552
0.8165768537269162,9.87,11.01588844261591,11.236157102518044,11.347577054466809,11.40361281977493,11.431712705987973
0.8169115359131908,9.89,11.009068321205227,11.22905901659479,11.340338363798788,11.396303415609529,11.42436784159071
0.8172450035561099,9.91,11.002281637243184,11.221995871647403,11.333135374648219,11.389030095456167,11.41705925301255
0.8175772632273451,9.93,10.995528147054436,11.214967411915664,11.325967825141852,11.38179259436723,11.409786673764147
0.8179083214514649,9.95,10.98880760931174,11.207973384115691,11.318835455947648,11.374590649968892,11.402549839946374
0.8182381847063532,9.97,10.982119785007841,11.201013537410127,11.311738010244095,11.367424002430083,11.395348490218957
0.8185668594236242,9.99,10.975464437427894,11.194087623378916,11.304675233690165,11.360292394431966,11.388182365769806
0.8188943519890327,10.01,10.968841332122082,11.187195395990281,11.297646874395458,11.3531955711377,11.381051210284543
0.8265654376242381,10.5,10.81604022712787,11.02822220077175,11.13555160800461,11.189530140297407,11.21659839941789
0.8337529180751806,11.,10.676831223148703,10.883450929279055,10.987966736753743,11.040530242267463,11.066888917227514
0.840369970130898,11.5,10.55193125176429,10.753609044269442,10.855625050177162,10.90693134554603,10.93265957561393
0.8464817248906141,12.,10.439251439707068,10.636509744726636,10.736290211628098,10.786472200830046,10.811636632488389
0.8521437889662113,12.5,10.337089178626913,10.530371998971646,10.628141519924515,10.677312156193235,10.70196943135628
0.8574039191604412,13.,10.244043056314018,10.433730867813033,10.52968190153419,10.577937976972917,10.602136633339263
0.8623033568332588,13.5,10.158949263800539,10.345370546662943,10.439669250539406,10.487094329681964,10.510876271808087
0.8668778997501816,14.,10.080833422436976,10.264273697525866,10.357064498508603,10.4037312171315,10.427132869201916
0.8711587695892689,14.5,10.008873647362108,10.189582636507334,10.280991853069107,10.326963739760991,10.350016959038685
0.8751733190429475,15.,9.94237191019944,10.120569268038214,10.210708009554326,10.25604094388407,10.278773751928448
0.8789456120040122,15.5,9.88073160813782,10.05661155350911,10.145578062989975,10.190321453723042,10.212758627222355
0.8824969025845955,16.,9.823439827720668,9.997174918201253,10.085056481593321,10.129254226925005,10.151417779218162
0.8858460329277068,16.5,9.770053197635916,9.941797430273608,10.02867194492528,10.072363221299804,10.094272797940299
0.8890097654027757,17.,9.720186512273658,9.890077889607818,9.976015162257594,10.019235077157486,10.04090828326338
0.8920030614530944,17.5,9.673503513970534,9.841666182109394,9.926729010404344,9.969509146271978,9.990961819282676
0.8948393168143698,18.,9.629709371441534,9.79625541293728,9.880500492335317,9.92286936267585,9.944115801071009
0.8975305608544599,18.5,9.588544501628752,9.753575447840129,9.837054136618724,9.879037570741282,9.900090726974454
0.9000876262522592,19.,9.54977946351659,9.713387577455295,9.796146545622305,9.837768014992852,9.858639659145494
0.9025202940335932,19.5,9.513210713310183,9.675480083484345,9.757561866084282,9.798842762596532,9.819543621920719
0.9048374180359595,20.,9.478657056312208,9.639664533986421,9.721108005200945,9.762067879612928,9.782607758098546
0.9070470321236945,20.5,9.44595666581007,9.605772671801986,9.686613453057229,9.727270220238232,9.747658101536796
0.909156442876713,21.,9.414964566129846,9.57365378832319,9.653924601117422,9.694294717493467,9.714538853900578
0.9111723099960218,21.5,9.38555049776959,9.543172496621978,9.622903468813659,9.663002086407134,9.68311007610767
0.9131007162822623,22.,9.357597098689887,9.514206834911661,9.59342576763872,9.63326686830847,9.653245722693107
0.914947228730031,22.5,9.330998348511914,9.48664664460998,9.565379245755611,9.604975758612479,9.624831961157286
0.9167169520254864,23.,9.305658232372874,9.460392177755553,9.538662266865071,9.578026171329507,9.597765729275578
0.9184145755260215,23.5,9.281489589125172,9.435352896846478,9.51318258558165,9.552325002138518,9.571953492002159
0.9200444146293233,24.,9.258413114902918,9.411446436808088,9.488856288359276,9.527787558730045,9.547310166506216
0.9216104472977248,24.5,9.23635649816533,9.388597704122365,9.465606874454046,9.504336632632551,9.5237581894167
0.9231163463866358,25.,9.21525366643147,9.366738092447793,9.443364455805073,9.481901691177741,9.50122670481828
0.9245655083284784,25.5,9.195044128249076,9.34580479754109,9.42206505827477,9.460418171860127,9.479650855160495
0.925961078642316,26.,9.175672396652072,9.325740217128507,9.401650009589371,9.439826864277293,9.458971160189087
0.9273059746713349,26.5,9.157087482581327,9.306491423695675,9.38206540169294,9.420073367235426,9.439132971419655
0.9286029058931803,27.,9.139242448567689,9.288009700072097,9.363261617176935,9.401107610574686,9.420085991654148
0.9298543920999655,27.5,9.122094014482807,9.270250129260583,9.345192911056023,9.382883432894666,9.401783850675216
0.9310627797040227,28.,9.105602208411502,9.253171231265954,9.327817040493011,9.365358207706615,9.384183729606903
0.9322302563909031,28.5,9.08973005673791,9.236734640762041,9.311094936183729,9.34849251165896,9.367246027555813
0.9333588643117228,29.,9.074443308404902,9.220904820341374,9.294990410037663,9.332249829417083,9.350934065086372
0.9344505119818696,29.5,9.059710189032822,9.205648804850606,9.279469894564574,9.316596290561073,9.335213819870539
0.9355069850316178,30.,9.045501181194686,9.190935972952362,9.264502210028832,9.301500434523428,9.320053690513893