0,0,6,7,8,9,10,11,12,13,14,15,16,17,18,19,20,32,64,100,128,200,256
1.,0.,3.1822720687152497e-18,5.765620857474545e-18,7.626544673469839e-18,8.77619178278873e-18,1.2665183515584066e-17,1.0663204754879458e-17,1.0089154355094288e-17,1.0088441331170402e-17,1.1676166466457352e-17,1.0827582134500717e-17,1.138746388684778e-17,1.316695470416217e-17,1.2350004219033088e-17,1.1764803359419377e-17,1.2482853084543058e-17,1.430024644877971e-17,1.6320998701159906e-17,1.7048533471606118e-17,1.7183271581981434e-17,1.718323035595899e-17,1.718323035595899e-17
0.951229424500714,0.05,0.023874728847136262,0.02238699891776037,0.0191318544540197,0.019966416824105146,0.020938188244534486,0.020520146354433225,0.01994038070609604,0.020161505211494964,0.020856624112362745,0.0203561515139546,0.020306288276780937,0.020288701894648067,0.020300110534008414,0.020305779836725067,0.020310677712496797,0.020309550769243997,0.02030955058809288,0.02030955058809288,0.02030955058809288,0.02030955058809288,0.02030955058809288
0.9048374180359595,0.1,0.04638121755371165,0.043710251015711195,0.038009342046428245,0.039254276559071134,0.04023085014742002,0.039848770443929586,0.03886204106083641,0.039038779713154996,0.039237865995064125,0.038996678712445235,0.03888997873893614,0.03882803938263296,0.03887687564432202,0.03888647492491786,0.03889310978469418,0.038889015268190844,0.038889014550310005,0.038889014550310005,0.038889014550310005,0.038889014550310005,0.038889014550310005
0.8607079764250578,0.15000000000000002,0.06657161731173282,0.06325014377115167,0.05642746517438924,0.05760455843326459,0.05792213610934519,0.05784600353220529,0.05686843642803343,0.057007820486401635,0.05687088105317818,0.05685722848239356,0.05685195371413048,0.056832857018933786,0.056846034940086956,0.05684970144120594,0.056852318288455723,0.056850756683228997,0.05685075653953679,0.05685075653953679,0.05685075653953679,0.05685075653953679,0.05685075653953679
0.8187307530779818,0.2,0.08408754845142626,0.0807490568216849,0.07420947375443222,0.07508550873195645,0.07467292434693175,0.07489759478521898,0.07420936410399866,0.07439458546306355,0.07407161274420562,0.07417817783810644,0.07424001183564588,0.07423559167368772,0.07422027763749768,0.07422839988528729,0.07423214361638783,0.07422993285113902,0.07422993257375475,0.07422993257375475,0.07422993257375475,0.07422993257375475,0.07422993257375475
0.7788007830714049,0.25,0.09905891513412525,0.09630693528148557,0.09115594970036228,0.09177050043528133,0.0908154703393717,0.09122132243904052,0.09088520590230124,0.09113778309311601,0.09074654673929021,0.09093325294968672,0.09101008246614965,0.09096132390800701,0.09095973532878643,0.09098061856084731,0.0909753616463294,0.09097755354954558,0.09097755298971927,0.09097755298971927,0.09097755298971927,0.09097755298971927,0.09097755298971927
0.7408182206817179,0.30000000000000004,0.11188947022777831,0.11020658814702101,0.10705437240840955,0.10758639106334593,0.10629497769265753,0.10675278534911266,0.10672988759671326,0.10699815347393596,0.10666333860692898,0.10689788915345705,0.1069615358949532,0.10686371661503971,0.1069162415795067,0.10693755194111808,0.1069322585263937,0.10693469816659601,0.1069346986404499,0.1069346986404499,0.1069346986404499,0.1069346986404499,0.1069346986404499
0.7046880897187134,0.35000000000000003,0.12307243578033453,0.12278135548065114,0.12175860001600423,0.12237871204804743,0.1208913119548114,0.12131543030486577,0.1215410847939342,0.12174311301775845,0.12155622032058297,0.12179069280769428,0.12179510743130226,0.12172671975821787,0.12178499698626057,0.12176992602397332,0.12176433185938425,0.12176412115585679,0.12176412115584286,0.12176412115584286,0.12176412115584286,0.12176412115584286,0.12176412115584286
0.6703200460356393,0.4,0.1330850137896723,0.13434822893934675,0.13525972706068504,0.13605085156421867,0.13444099896420164,0.13480123854519416,0.13520321693015844,0.1352854953280252,0.13524412398629887,0.13543463196601388,0.13537471022237813,0.13534168395799287,0.13536097930234514,0.13535448057549596,0.13535077854885916,0.13535093654190813,0.13535093652786684,0.13535093652786684,0.13535093652786684,0.13535093652786684,0.13535093652786684
0.6376281516217733,0.45,0.14234768073982862,0.14518581681913312,0.14768811529037057,0.14864357415587456,0.1469451842183541,0.14725049756032854,0.14775684119085322,0.14771863788339776,0.1477633580195772,0.14789940028938514,0.14781495813106946,0.14779517165176634,0.14779907507047912,0.14779913317169888,0.14779822697643663,0.14779823296680614,0.14779823295236966,0.14779823295236966,0.14779823295236966,0.14779823295236966,0.14779823295236966
0.6065306597126334,0.5,0.15121903615580798,0.15553366924087558,0.1592612249878063,0.16032071801859407,0.1585530160827634,0.15883084860777583,0.15938492675040053,0.15925731930681347,0.15933969211500226,0.1594341245764562,0.15935169759535384,0.15933766539370026,0.1593373812549591,0.15933922049539434,0.15933941775668603,0.1593393707647785,0.15933937074986362,0.15933937074986362,0.15933937074986362,0.15933937074986362,0.15933937074986362
0.5769498103804866,0.55,0.160004170382943,0.16559897111084645,0.17022423972816988,0.17130837542228386,0.16949052503566667,0.16977363859138736,0.17034186089641018,0.17015936191844835,0.17025695849194106,0.1703253214501576,0.17025141815461012,0.1702405583477632,0.17023939326836385,0.17024141747432586,0.1702419728515674,0.17024190774822845,0.17024190773188758,0.17024190773188758,0.17024190773188758,0.17024190773188758,0.17024190773188758
0.5488116360940264,0.6000000000000001,0.1689646723420491,0.17556450482419647,0.1808118493204654,0.18184118113895437,0.17999953142327013,0.18032000009253638,0.18088616813001115,0.18067526691136132,0.18078111612539174,0.18083457034349706,0.18076746038422628,0.18075836624442695,0.18075709832774794,0.18075899898024247,0.1807596526066842,0.1807595811321305,0.18075958111500803,0.18075958111500803,0.18075958111500803,0.18075958111500803,0.18075958111500803
0.522045776761016,0.65,0.1783252679665682,0.18559577518314424,0.1912336145545742,0.19213562957518054,0.19030660870203847,0.19069413476772046,0.19124811394622138,0.1910289470509432,0.19114252997454656,0.19118799127673106,0.19112446114395296,0.191116193985702,0.19111483106112112,0.19111668430028025,0.19111733671072803,0.1911172665891056,0.19111726657262262,0.19111726657262262,0.19111726657262262,0.19111726657262262,0.19111726657262262
0.49658530379140947,0.7000000000000001,0.18827575631089605,0.19584654195019455,0.20167399534513863,0.20238520950814493,0.20061483961309814,0.201097644750021,0.20162492760529027,0.20141644756125965,0.20153946950560825,0.20158078191401665,0.20151846372448598,0.20151046172121195,0.2015088545547229,0.201510778729098,0.20151138553055206,0.2015113239017995,0.20151132388778384,0.20151132388778384,0.20151132388778384,0.20151132388778384,0.20151132388778384
0.4723665527410147,0.75,0.198968831042274,0.206462119785505,0.21229786994405941,0.21276570809544293,0.21110611703269827,0.21171373977737226,0.2121881596060433,0.21201102161106158,0.2121452721600375,0.21218341589295528,0.21212190363991032,0.21211427680866557,0.2121125784443342,0.21211447844754017,0.21211503057666845,0.21211498177468097,0.21211498176489693,0.21211498176489693,0.21211498176489693,0.21211498176489693,0.21211498176489693
0.44932896411722156,0.8,0.21051555536119274,0.21757960296737255,0.2232555281828397,0.2234416325097723,0.22194544908448532,0.2227128287010392,0.22309441222814372,0.22296826965767108,0.22311326389826164,0.2231444454276069,0.2230869444474675,0.22308164154701587,0.22308133091724971,0.22308234591277426,0.22308291165933428,0.22308286496652477,0.2230828649607383,0.2230828649607383,0.2230828649607383,0.2230828649607383,0.2230828649607383
0.42741493194872665,0.8500000000000001,0.22298101071466758,0.2293242183430954,0.23468413117552295,0.23456873107254492,0.23328289992800164,0.23425327801187254,0.23449697990473803,0.2344314696112126,0.2345802767972449,0.23458922164160037,0.23454539837176122,0.23454941425703965,0.23455543622401953,0.23455282244994763,0.23455378988928724,0.2345536696562854,0.23455366964604712,0.23455366964604712,0.23455366964604712,0.23455366964604712,0.23455366964604712
0.4065696597405991,0.9,0.23638276516715187,0.24180161469078687,0.2467048655233795,0.24629079339047383,0.24525145572588944,0.24647152225465097,0.24655706335426922,0.2465489745277395,0.2466782134980868,0.24661991023623356,0.24661053176895262,0.24664615167022366,0.246661332768386,0.24665375241588658,0.24665885393189707,0.24665795141856187,0.24665795137499386,0.24665795137499386,0.24665795137499386,0.24665795137499386,0.24665795137499386
0.3867410234545012,0.9500000000000001,0.25069399371534984,0.25508709925769435,0.2594166426660382,0.25873127824183734,0.25796056312734267,0.25945871343783583,0.2594419828125703,0.25952679580486865,0.25955958758752273,0.25933899765506535,0.25943941812920207,0.25966634059110993,0.2596489456293025,0.25972106375979015,0.25966984657747066,0.2596785810369947,0.2596786010046281,0.2596786010046281,0.2596786010046281,0.2596786010046281,0.2596786010046281
0.36787944117144233,1.,0.26585139349591086,0.26921434094762153,0.27288830331768177,0.27198215880762716,0.2714860506969814,0.27323440877189714,0.27326839355362265,0.2736195385213204,0.27334336919631563,0.2729990292383817,0.2737392824494389,0.27355335066712305,0.27354010297656184,0.2735305449116763,0.27353521474392994,0.27355146016140547,0.27355145669428843,0.27355145669428843,0.27355145669428843,0.27355145669428843,0.27355145669428843
0.3499377491111553,1.05,0.28176618339671483,0.2841672660539119,0.2871518626161732,0.2860936728703242,0.2858584070078928,0.2877447148237196,0.2879766683957954,0.28865140467753125,0.28788806131684536,0.28781544592695424,0.28817180987625585,0.28806334381953846,0.287940695906283,0.28790934525416734,0.28796690386759416,0.2879583854990342,0.2879583839707864,0.2879583839707864,0.2879583839707864,0.2879583839707864,0.2879583839707864
0.33287108369807955,1.1,0.2983355186764303,0.29987906046746876,0.3021993600833397,0.30106903510424327,0.3010535738222191,0.3028990624494333,0.3033236712610461,0.303987948436264,0.30300427968467075,0.3029409611099888,0.30296385256928954,0.3029726394039134,0.3029807879902957,0.3029846592258792,0.30298523699618807,0.30298352963140224,0.3029835292279266,0.3029835292279266,0.3029835292279266,0.3029835292279266,0.3029835292279266
0.31663676937905316,1.1500000000000001,0.3154521954476585,0.3162409469117445,0.3179853988668595,0.31686716459966646,0.3169927389118341,0.31861504911548827,0.3191097123387261,0.3195513485634547,0.3187355482922067,0.31850853512706323,0.3184176615705925,0.3184593498840698,0.3184955898881588,0.31850359801551126,0.3184980196346633,0.31849678948951754,0.3184967889551627,0.3184967889551627,0.3184967889551627,0.3184967889551627,0.3184967889551627
0.301194211912202,1.2000000000000002,0.3330121182456628,0.3331209706090813,0.33443650025374205,0.33341419066293587,0.33355699455050425,0.33483343888751277,0.3352924379061598,0.33553461496070225,0.3350368725297153,0.3347157078636663,0.3345284916974292,0.33462236437433635,0.3346464025808625,0.3346514848370764,0.33463883641295045,0.33464152932608804,0.334641529909622,0.334641529909622,0.334641529909622,0.334641529909622,0.334641529909622
0.2865047968601901,1.25,0.35092040208487013,0.3503902358840509,0.35146693877058033,0.3506217858644927,0.35061666683332193,0.3515081463884717,0.35188796448713056,0.35200471948928524,0.3517515484417005,0.35147717122555716,0.3512487002019751,0.3513714760972063,0.3513750497374685,0.3513750434915426,0.3513753782819631,0.3513751892848622,0.35137518924690386,0.35137518924690386,0.35137518924690386,0.35137518924690386,0.35137518924690386
0.2725317930340126,1.3,0.3690970958891949,0.3679517679018482,0.36899880365337895,0.36840821374738325,0.3680669239632787,0.3685980059314397,0.36889446074853804,0.3689394047931566,0.3688163276659733,0.36864545642461766,0.3684680610437147,0.3685484359287203,0.3685458971340789,0.36854451049599457,0.36855047570790944,0.3685487913003632,0.3685487908884408,0.3685487908884408,0.3685487908884408,0.3685487908884408,0.3685487908884408
0.2592402606458915,1.35,0.38748228130127654,0.3857657827763557,0.38698197029983783,0.38671659170367795,0.3858580485024713,0.3860717439698645,0.3862923903713141,0.38629549018038356,0.38623483136776726,0.3861487589091653,0.3860539850465463,0.3860843776109717,0.38608426374044985,0.38608386574377923,0.38608745549223517,0.38608636646388766,0.3860863662169211,0.3860863662169211,0.3860863662169211,0.3860863662169211,0.3860863662169211
0.24659696394160643,1.4000000000000001,0.4060386935996006,0.40386437813821874,0.40540804652841395,0.4055239598006534,0.404011710174578,0.4039204930023094,0.40406810709204477,0.4040430033570741,0.40401685873767845,0.40399121849854097,0.40397040410513685,0.40397741782655056,0.4039800806124826,0.40398060412027775,0.40398115717134453,0.4039807708780577,0.40398077079208095,0.40398077079208095,0.40398077079208095,0.40398077079208095,0.40398077079208095
0.23457028809379762,1.4500000000000002,0.42474932568795765,0.42234813370003577,0.42431171379527355,0.424834729509567,0.42261702490044384,0.4221682465851785,0.4222316213949885,0.4221792114143197,0.42218417340105935,0.4222163126420524,0.4222720477152669,0.4222622932466282,0.4222674578606832,0.42226854640879286,0.42226610729368896,0.422266382964108,0.4222663830164668,0.4222663830164668,0.4222663830164668,0.4222663830164668,0.4222663830164668
0.22313016014842982,1.5,0.4436084858241632,0.44135737322467405,0.44375347813509436,0.4446548047533919,0.4417978020238384,0.4408742534286047,0.4408237063118394,0.44073002031045067,0.4407888335266116,0.44090685742650515,0.44106726926533757,0.4410152156617322,0.4410239604229783,0.4410254585208898,0.44101925289288907,0.44102051479866106,0.4410205151005955,0.4410205151005955,0.4410205151005955,0.4410205151005955,0.4410205151005955
0.21224797382674304,1.55,0.46260729374940485,0.46101463114641733,0.4637803333352209,0.4649504107572736,0.46164327084897694,0.46012568102195534,0.4599184009059447,0.4597441248149162,0.4599365964693498,0.46019527697084506,0.46046834618983595,0.46035094572446944,0.4603574653260331,0.46035861120738175,0.4603546112383187,0.4603552031929954,0.4603552033388345,0.4603552033388345,0.4603552033388345,0.4603552033388345,0.4603552033388345
0.20189651799465538,1.6,0.48171753088781777,0.4813469130729885,0.4843677853121047,0.48560788359400675,0.48211829293763225,0.48001695595556393,0.47963437302811673,0.47929300688156967,0.47982094046220336,0.4801933739324367,0.48044685893727035,0.4803468907913782,0.48033249768828246,0.48033139628390015,0.48034486534765725,0.48034114728436395,0.48034114645791964,0.48034114645791964,0.48034114645791964,0.48034114645791964,0.48034114645791964
0.19204990862075408,1.6500000000000001,0.5008795599339378,0.5022173849255726,0.5053618859030341,0.506419428750395,0.5030130191238146,0.5005956701693075,0.5001527513049395,0.4995243104942319,0.500593751409593,0.5008184818814471,0.500889651998216,0.5008624818368627,0.5008415585067562,0.5008423929063531,0.5008481504378809,0.5008480760285409,0.5008480763740892,0.5008480763740892,0.5008480763740892,0.5008480763740892,0.5008480763740892
0.1826835240527346,1.7000000000000002,0.5199993885030809,0.523311663366155,0.5264589976537764,0.5271117774824725,0.5239876954626445,0.5217400915595906,0.5215784430546674,0.5208459834532312,0.5220730206609236,0.5221598016994431,0.5217517269530851,0.521868206528138,0.5219795673073617,0.5219829053703671,0.521936048773281,0.5219424098680272,0.5219424105349092,0.5219424105349092,0.5219424105349092,0.5219424105349092,0.5219424105349092
0.17377394345044514,1.75,0.5389566604639829,0.5442064382442608,0.5472590590987885,0.5474077015423674,0.5446801458551924,0.5430217535797984,0.5433654587990805,0.5432488907612099,0.5438670603010932,0.5441691408394951,0.5434742846850303,0.543485873615167,0.5434809974182134,0.5434834812592717,0.5434801895984498,0.5434780279896556,0.5434780282254943,0.5434780282254943,0.5434780282254943,0.5434780282254943,0.5434780282254943
0.16529888822158653,1.8,0.5576208324339212,0.5644935227151441,0.5673812692121447,0.5670869255704247,0.5647946527448701,0.5638032835311613,0.5643814777357533,0.5646502085569353,0.564808608399804,0.564864612786867,0.564754423653026,0.5646193871300363,0.564634210194777,0.5646266035669724,0.5646717185054516,0.5646463238527692,0.5646463226688069,0.5646463226688069,0.5646463226688069,0.5646463226688069,0.5646463226688069
0.1572371663136276,1.85,0.5758695036462083,0.5838884610308579,0.5865733436370967,0.5860171493607825,0.5841422216250656,0.5836084716780497,0.5841173889046749,0.5843650079408722,0.5844145504778857,0.5843813261274129,0.5843458870113438,0.5843425586601068,0.5843533508064962,0.5843574148642149,0.5843579206923495,0.5843565582781836,0.5843565580820278,0.5843565580820278,0.5843565580820278,0.5843565580820278,0.5843565580820278
0.14956861922263504,1.9000000000000001,0.593602669796273,0.6022691235880903,0.6047489510647253,0.6041504042972524,0.6026424353633302,0.6023097971512154,0.602680809834141,0.6028645245597458,0.6028948400998542,0.602864738905989,0.6028472561918791,0.6028495844701958,0.6028534507564676,0.6028555769465428,0.6028559364745587,0.6028553878614437,0.6028553877970906,0.6028553877970906,0.6028553877970906,0.6028553877970906,0.6028553877970906
0.14227407158651353,1.9500000000000002,0.6107493791460487,0.6196462307403954,0.6219513504450421,0.6214988618633661,0.6202984202971576,0.6199959429332224,0.6202614373493807,0.6204052380514193,0.6204316309428884,0.6204185705838519,0.6204075185532384,0.6204055306464034,0.6204079857546225,0.6204097451510454,0.6204101003029089,0.6204099387912103,0.6204099387777128,0.6204099387777128,0.6204099387777128,0.6204099387777128,0.6204099387777128
0.1353352832366127,2.,0.6272669197161803,0.6361048648063269,0.6382883109606132,0.6381067079476777,0.6371605593624754,0.6368062493375227,0.637002324598667,0.6371251315383694,0.6371511711655391,0.6371521270680107,0.6371444409035494,0.6371389567714935,0.6371408964557033,0.6371425741130678,0.6371429508172691,0.637142971449181,0.6371429714635931,0.6371429714635931,0.6371429714635931,0.6371429714635931,0.6371429714635931
0.12873490358780418,2.0500000000000003,0.6431351880214707,0.6517526245181471,0.6538786268775835,0.6540280209174296,0.6532953814354479,0.6528606890518813,0.6530075397200664,0.6531203026889718,0.6531474905538891,0.653158040917978,0.6531526522191341,0.653144864489885,0.6531464199835884,0.653148088612325,0.6531484983089102,0.653148617738349,0.6531486177707116,0.6531486177707116,0.6531486177707116,0.6531486177707116,0.6531486177707116
0.1224564282529819,2.1,0.6583494837895753,0.6666886948523881,0.6688235860364845,0.6693135551246818,0.6687668260603424,0.6682480564050834,0.6683535343068493,0.6684623149122049,0.6684915418186463,0.6685084617577098,0.6685049501551035,0.6684955937446087,0.6684967347186856,0.6684984187272367,0.668498868336804,0.6684990504965037,0.6684990505418499,0.6684990505418499,0.6684990505418499,0.6684990505418499,0.6684990505418499
0.11648415777349697,2.15,0.672914156054136,0.6809920077253159,0.683198646695738,0.6840052309020748,0.6836285658655927,0.6830315917606324,0.683096371645209,0.6832045948524518,0.6832364886716349,0.6832576927820938,0.6832559373994002,0.683245424630601,0.6832460735771442,0.6832477856412557,0.6832482809570698,0.6832485088112301,0.6832485088668648,0.6832485088668648,0.6832485088668648,0.6832485088668648,0.6832485088668648
0.11080315836233387,2.2,0.6868382723522473,0.6947211913177582,0.6970561258577478,0.6981357462206613,0.6979232345589457,0.697256957735536,0.6972776970576261,0.6973874694479428,0.6974225319417199,0.6974466608518609,0.6974467196753769,0.6974352912354231,0.6974353470924258,0.697437098213754,0.6974376449098517,0.6974379095785677,0.697437909642894,0.697437909642894,0.697437909642894,0.697437909642894,0.697437909642894
0.10539922456186433,2.25,0.700133486888841,0.7079197738902266,0.7104318723161918,0.7117308961318919,0.7116849725797171,0.7109591213173467,0.710930131917907,0.7110429751508011,0.7110816367899602,0.7111077280273438,0.7111097844604664,0.7110976020277284,0.711096946469389,0.7110987493691412,0.711099353082662,0.7110996493455547,0.7110996494175196,0.7110996494175196,0.7110996494175196,0.7110996494175196,0.7110996494175196
0.1002588437228037,2.3000000000000003,0.7128137496937459,0.7206225583747441,0.7233520956246984,0.7248128927519365,0.7249430271955447,0.7241677385310921,0.7240819498068979,0.7241991975882697,0.7242418259764581,0.72426911106067,0.7242734446948216,0.7242606429100242,0.7242591448627678,0.7242610153203826,0.7242616813089976,0.7242620057136265,0.7242620057924682,0.7242620057924682,0.7242620057924682,0.7242620057924682,0.7242620057924682
0.09536916221554961,2.35,0.7248963209970936,0.7328611059434084,0.7358387514876766,0.7374036207765131,0.7377251490144215,0.7369110991763845,0.7367607731487732,0.7368837721694619,0.7369306529946461,0.7369584523722258,0.7369654181956986,0.7369521324923124,0.7369496544615703,0.7369516117216954,0.7369523442933259,0.7369526944808323,0.7369526945659999,0.7369526945659999,0.7369526945659999,0.7369526945659999,0.7369526945659999
0.09071795328941247,2.4000000000000004,0.7364035551659298,0.7446674359108663,0.7479130156528535,0.7495271400162102,0.7500600569410489,0.7492186030976286,0.7489960072793085,0.7491261915589893,0.7491774953062724,0.7492051807486532,0.7492151891474732,0.7492015688042633,0.749197975643689,0.7492000420603698,0.7492008438931032,0.7492012185525104,0.7492012186436913,0.7492012186436913,0.7492012186436913,0.7492012186436913,0.7492012186436913
0.0862935864993705,2.45,0.7473649760794611,0.7560755909259191,0.7595968022371438,0.7612109135298116,0.7619784639537712,0.7611216047440283,0.7608196991688512,0.7609585663387947,0.7610143118162765,0.7610413128545426,0.7610548060473395,0.761041017580154,0.7610361872312779,0.7610383870124552,0.7610392584780452,0.7610396576077277,0.7610396577049248,0.7610396577049248,0.7610396577049248,0.7610396577049248,0.7610396577049248
0.0820849986238988,2.5,0.7578192348159074,0.7671209678900455,0.7709123944422317,0.7724853579658926,0.7735122920321541,0.7726524266793056,0.7722655399984423,0.7724145376714944,0.7724745623644819,0.7725003981230583,0.7725178206071841,0.7725040447160479,0.7724978797546415,0.7725002365936069,0.7725011752104902,0.7725016004496901,0.7725016005533091,0.7725016005533091,0.7725016005533091,0.7725016005533091,0.7725016005533091
0.07808166600115313,2.5500000000000003,0.7678156143569107,0.7778375366568132,0.7818803369868926,0.7833815309941485,0.7846919353623525,0.7838414878586314,0.7833659206426096,0.7835262448568041,0.7835901905902385,0.7836145112307962,0.7836362735077407,0.783622698099477,0.7836151364596341,0.7836176699095669,0.7836186700532604,0.7836191248847494,0.7836191249956495,0.7836191249956495,0.7836191249956495,0.7836191249956495,0.7836191249956495
0.07427357821433388,2.6,0.7774148221746802,0.7882533945936726,0.792515944162355,0.7939271596931626,0.7955418391306435,0.7947128489020837,0.7941473396047333,0.7943196517691318,0.7943869712471384,0.7944095960531391,0.7944360326909318,0.7944228442636139,0.7944138673825593,0.7944165880346686,0.7944176410087664,0.7944181306868734,0.7944181308063429,0.7944181308063429,0.7944181308063429,0.7944181308063429,0.7944181308063429
0.07065121306042957,2.6500000000000004,0.7866888777173111,0.7983855375665753,0.8028251314458671,0.8041417348955906,0.8060752096705729,0.8052789881820467,0.8046249999591858,0.8048090809166272,0.8048790664565318,0.8049000094224109,0.8049313342668474,0.80491870978488,0.804908346784294,0.8049112506169139,0.8049123451274526,0.8049128762728663,0.8049128764025201,0.8049128764025201,0.8049128764025201,0.8049128764025201,0.8049128764025201
0.06720551273974976,2.7,0.7957199410600618,0.808235146574207,0.8128006801840425,0.8140319007139266,0.8162892044736476,0.8155361302755699,0.8147979524329269,0.8149923285794702,0.8150641596702777,0.8150836381081972,0.8151199007223394,0.8151080018243946,0.8150963292771044,0.8150993918550542,0.815100514838146,0.8151010947467245,0.8151010948883315,0.8151010948883315,0.8151010948883315,0.8151010948883315,0.8151010948883315
0.06392786120670757,2.75,0.804597933555035,0.8177848874391397,0.8224202865721595,0.8235886295163922,0.8261622282881549,0.8254617139243803,0.8246464039628914,0.8248479962258152,0.8249207989074553,0.8249392250019482,0.8249802728433928,0.8249692436604597,0.8249563817392771,0.8249595531241944,0.8249606907809032,0.8249613265788369,0.8249613267341168,0.8249613267341168,0.8249613267341168,0.8249613267341168,0.8249613267341168
0.06081006262521795,2.8000000000000003,0.8134167852021589,0.8269994897378642,0.831647595037096,0.8327874721815333,0.8356547505212495,0.8350153761903828,0.8341325823919618,0.834336439754833,0.8344093496693578,0.8344273078532676,0.834472758535214,0.8344627275046965,0.8344488342498859,0.8344520354650339,0.8344531743129898,0.8344538721190214,0.8344538722894475,0.8344538722894475,0.8344538722894475,0.8344538722894475,0.8344538722894475
0.057844320874838456,2.85,0.8222691493045423,0.8358301304654024,0.840436754638387,0.8415924341657754,0.8447142692951132,0.8441440501335804,0.8432057442246994,0.8434049262893188,0.8434771490571045,0.8434953627934915,0.843544590794498,0.8435356758337469,0.8435209412400626,0.843524063001341,0.8435251908003707,0.8435259550277514,0.843525955214389,0.843525955214389,0.843525955214389,0.843525955214389,0.843525955214389
0.05502322005640721,2.9000000000000004,0.8312395215788732,0.8442220623080896,0.8487399974586638,0.8499629295296297,0.8532838542249339,0.8527905954317361,0.8518107175552209,0.8519963835994053,0.8520672497633824,0.8520865400452571,0.8521386828189421,0.8521309984831164,0.8521156390154613,0.8521185433419535,0.8521196498653302,0.8521204827495003,0.8521204829528934,0.8521204829528934,0.8521204829528934,0.8521204829528934,0.8521204829528934
0.05233970594843238,2.95,0.8403959657511331,0.8521238976265612,0.8565167099045274,0.8578622325510182,0.8613125387678503,0.8609042338416787,0.8598982266582984,0.8600599700898228,0.8601289849102081,0.8601502208427758,0.8602042095105427,0.8601978746322815,0.8601821273959762,0.860184652644788,0.8601857303609296,0.8601866317657996,0.8601866319859184,0.8601866319859184,0.8601866319859184,0.8601866319859184,0.8601866319859184
0.049787068367863944,3.,0.849781125956796,0.8594964405679776,0.863741914346716,0.8652653519274247,0.8687652050174016,0.8684504396531201,0.8674346445372447,0.8675610797641746,0.8676279686549121,0.8676520096178962,0.8677066275050311,0.8677017722206041,0.8676858873779164,0.8676878569970727,0.8676889017279106,0.867689869257327,0.8676898694935908,0.8676898694935908,0.8676898694935908,0.8676898694935908,0.8676898694935908
0.04735892439114091,3.0500000000000003,0.8594038458080367,0.866319186050616,0.8704122543440715,0.8721645283684554,0.875629785058551,0.8754181132230439,0.8744090274081809,0.8744885918709042,0.8745533400020042,0.8745809702771484,0.8746349375206999,0.8746317090994831,0.8746159396674629,0.8746171743428787,0.8746181858858957,0.8746192152838841,0.8746192155352568,0.8746192155352568,0.8746192155352568,0.8746192155352568,0.8746192155352568
0.0450492023935578,3.1,0.8692333033303321,0.8725934411805779,0.8765483630532467,0.8785714345909634,0.8819204693745955,0.8818227221825456,0.8808361628020153,0.8808580476039927,0.8809209285346721,0.8809527887559713,0.8810048642415133,0.8810034313414393,0.8809880207836228,0.8809883527745037,0.8809893353824388,0.8809904211476286,0.8809904214127677,0.8809904214127677,0.8809904214127677,0.8809904214127677,0.8809904214127677
0.042852126867040166,3.1500000000000004,0.8791977478813272,0.8783420618031704,0.8821934879170243,0.8845161731278162,0.8876767274918842,0.8877051992367728,0.8867554679795172,0.8867105503462605,0.8867721351795201,0.8868086589925948,0.8868577447764749,0.8868582995453664,0.8868434687755162,0.8868427564494059,0.8868437190043525,0.8868448550982665,0.8868448553756975,0.8868448553756975,0.8868448553756975,0.8868448553756975,0.8868448553756975
0.04076220397836621,3.2,0.8891893298114804,0.883606607014737,0.8874090230846163,0.8900438560509222,0.8929588394425487,0.8931272739404786,0.892226442405932,0.892108078161112,0.892169214545692,0.8922105812663687,0.8922558121972209,0.8922585692156706,0.892244505199472,0.8922426454644248,0.8922436011648051,0.8922447816825196,0.8922447819707999,0.8922447819707999,0.8922447819707999,0.8922447819707999,0.8922447819707999
0.03877420783172201,3.25,0.8990750704351752,0.8884430721608183,0.8922679545541751,0.8952097099049242,0.8978410613321856,0.8981643450366718,0.8973217720650677,0.897126326630368,0.8971880762967279,0.8972341893821515,0.8972749931746618,0.8972801838770231,0.8972670318109294,0.8972639684678766,0.8972649338521906,0.8972661535456579,0.8972661538435059,0.8972661538435059,0.8972661538435059,0.8972661538435059,0.8972661538435059
0.036883167401239994,3.3000000000000003,0.9087121595135308,0.8929172893208865,0.8968472080155182,0.9000734097601836,0.9024035488635145,0.9028970165901663,0.9021191655146852,0.9018462153772233,0.9019097402758176,0.9019602367386195,0.9019963565921757,0.9020042177592653,0.9019920779996807,0.901987804916458,0.9019887980758992,0.9019900526589792,0.901990052965348,0.901990052965348,0.901990052965348,0.901990052965348,0.901990052965348
0.035084354100845025,3.35,0.9179643216449711,0.8971007561107222,0.901219722028035,0.9046930357680685,0.9067239686031895,0.9074022549187517,0.9066928160738842,0.9063450234181909,0.9064114149735684,0.9064657039607948,0.9064971845807496,0.9065079399484591,0.9064968697945661,0.9064914289444069,0.9064924668459847,0.9064937530517857,0.9064937533658773,0.9064937533658773,0.9064937533658773,0.9064937533658773,0.9064937533658773
0.033373269960326066,3.4000000000000004,0.9267157093513748,0.9010672582180429,0.9054469682035686,0.9091189626250838,0.9108695819099055,0.9117450143534507,0.9111052791836668,0.9106880073211614,0.9107580618748568,0.9108153841433203,0.9108425296606543,0.9108563647121373,0.9108463841849699,0.9108398596228027,0.9108409545963211,0.9108422699961515,0.9108422703173723,0.9108422703173723,0.9108422703173723,0.9108422703173723,0.9108422703173723
0.03174563637806794,3.45,0.9348797984028621,0.9048903138554245,0.9095727041664319,0.9133882294922918,0.9148906122437985,0.915971239771389,0.9154006367473791,0.9149214133140343,0.9149953694210435,0.9150548657994316,0.9150781822270448,0.91509521374958,0.915086313938595,0.9150788234039553,0.9150799790407083,0.9150813216697657,0.915081321997636,0.915081321997636,0.915081321997636,0.915081321997636,0.915081321997636
0.0301973834223185,3.5,0.9424025119532193,0.9086412372129422,0.9136188979805809,0.9175203328107355,0.9188158388071517,0.920103303375234,0.9195999994665603,0.919067939914307,0.9191452076357189,0.919205984784908,0.9192261195829237,0.9192463632751071,0.9192385157279012,0.9192302016429147,0.9192314085777165,0.9192327764453255,0.9192327767793587,0.9192327767793587,0.9192327767793587,0.9192327767793587,0.9192327767793587
0.028724639654239423,3.5500000000000003,0.9492604269613184,0.9123874896974365,0.9175847804057014,0.9215156061987391,0.922651372863691,0.9241389335976604,0.9237004221593583,0.923125702151857,0.9232046267935331,0.9232658119937339,0.9232834999850166,0.9233068408314201,0.9233000067370293,0.9232910279845584,0.9232922602223745,0.9232936508099724,0.9232936511495535,0.9232936511495535,0.9232936511495535,0.9232936511495535,0.9232936511495535
0.02732372244729256,3.6,0.9554558214834552,0.9161909423073495,0.9214496173252171,0.9253570851666398,0.9263832095626957,0.9280542843694712,0.9276779084980533,0.9270713323447707,0.9271490407726447,0.9272098223580613,0.9272258424230447,0.9272520132609172,0.9272461516242495,0.9272366768358999,0.9272378893710197,0.9272392992317993,0.9272392995760871,0.9272392995760871,0.9272392995760871,0.9272392995760871,0.9272392995760871
0.025991128778755333,3.6500000000000004,0.9610104131414154,0.9201056992149359,0.9251789774439485,0.9290159174001953,0.9299833226653393,0.9318108991890606,0.9314942876150829,0.9308669548699844,0.9309393287071117,0.9309989832629558,0.9310141256513791,0.9310426990851108,0.931037773531872,0.9310279759106218,0.9310291043259712,0.9310305288890518,0.9310305292369293,0.9310305292369293,0.9310305292369293,0.9310305292369293,0.9310305292369293
0.024723526470339388,3.7,0.9659591977640304,0.9241752417527396,0.9287332476101096,0.9324592525144391,0.9334180271645609,0.9353652087251209,0.9351066226745417,0.9344696594330609,0.9345314657947212,0.9345893759853455,0.9346044168414605,0.9346348143954549,0.9346307985812675,0.9346208517301589,0.9346218142522544,0.9346232478992511,0.9346232482493476,0.9346232482493476,0.9346232482493476,0.9346232482493476,0.9346232482493476
0.023517745856009107,3.75,0.9703451907095183,0.9284288698619985,0.9320764117275413,0.9356586737217435,0.9366565820441619,0.9386783836424506,0.9384769855425299,0.937841290505845,0.9378864792319556,0.9379421466584152,0.9379578249957519,0.9379893452381346,0.9379862270273579,0.9379763010016625,0.9379770031499641,0.9379784395777664,0.9379784399285419,0.9379784399285419,0.9379784399285419,0.9379784399285419,0.9379784399285419
0.02237077185616559,3.8000000000000003,0.9742153575335184,0.9328777620011965,0.9351830813934279,0.9385970920488969,0.9396779874977499,0.9417243001788352,0.9415803584569877,0.9409563204236144,0.9409784700005056,0.9410315261526712,0.941048519111179,0.9410803835954301,0.9410781682241666,0.9410684251290602,0.9410687666823708,0.941070199504294,0.9410701998541888,0.9410701998541888,0.9410701998541888,0.9410701998541888,0.9410701998541888
0.02127973643837717,3.85,0.977617692671479,0.937511407789723,0.9380424814831712,0.9412726767579037,0.9424746900452875,0.9444941166680677,0.9444091560130501,0.943806325484139,0.9437991919455821,0.9438494079909291,0.943868302470986,0.9438997150575065,0.9438984274160719,0.9438890162797674,0.9438888998471616,0.943890323330023,0.9438903236776373,0.9438903236776373,0.9438903236776373,0.9438903236776373,0.9438903236776373
0.02024191144580438,3.9000000000000004,0.9805992514613758,0.9422955532444341,0.940659167721945,0.9436994584860235,0.9450530363920863,0.9469971084364291,0.9469740034714512,0.9464007363329674,0.9463588355042112,0.9464061292204016,0.9464273912361815,0.9464576032846929,0.9464572892750528,0.9464483404805231,0.9464476805896909,0.9464490903885605,0.9464490907328329,0.9464490907328329,0.9464490907328329,0.9464490907328329,0.9464490907328329
0.01925470177538692,3.95,0.9832049048327293,0.9471729003172029,0.9430511677179103,0.9459051725493505,0.9474312459620793,0.9492584098525686,0.9493014048992139,0.9487645274153579,0.9486836670415364,0.948728103171133,0.9487520494293417,0.9487804213599929,0.948781148046596,0.948772768095307,0.9487714994939753,0.9487728932332468,0.9487728935735976,0.9487728935735976,0.9487728935735976,0.9487728935735976,0.9487728935735976
0.01831563888873418,4.,0.9854766101715877,0.9520673896481372,0.9452466718813429,0.9479273649869927,0.9496360447800515,0.951314806721201,0.9514294287544003,0.9509339883228648,0.9508116688396141,0.950853447689608,0.9508802257050251,0.9509062753764563,0.9509081294125084,0.9509003970311326,0.9508984809315403,0.9508998584862763,0.9508998588226754,0.9508998588226754,0.9508998588226754,0.9508998588226754,0.9508998588226754
0.017422374639493515,4.05,0.9874530367217716,0.9568919382157534,0.9472803519522913,0.9498087543689278,0.9516989271564136,0.953209694451029,0.9534025148396565,0.952951673399775,0.9527872974729592,0.9528267258191195,0.952856308343099,0.9528797390437495,0.9528828226911024,0.9528757871718834,0.9528732145032797,0.9528745778524217,0.9528745781853513,0.9528745781853513,0.9528745781853513,0.9528745781853513,0.9528745781853513
0.016572675401761237,4.1000000000000005,0.9891694283038269,0.9615583205869042,0.9491900526558065,0.9515925462654623,0.9536525605509264,0.9549879930961039,0.9552661916497619,0.9548612901933313,0.9546561587157818,0.9546935973807056,0.9547257939667917,0.9547464991848332,0.9547509232393514,0.9547446054577026,0.9547413967805108,0.9547427493334404,0.9547427496637334,0.9547427496637334,0.9547427496637334,0.9547427496637334,0.9547427496637334
0.015764416484854486,4.15,0.9906576219090982,0.9659870459203074,0.951014211262237,0.9533180894219316,0.9555274520317567,0.9566914608395994,0.9570621588922514,0.9567029430121637,0.956460058843448,0.9564958433687923,0.9565303276140096,0.9565483748369908,0.9565542480092797,0.9565486439587924,0.9565448463765632,0.9565461917253005,0.956546192053834,0.956546192053834,0.956546192053834,0.956546192053834,0.956546192053834
0.014995576820477703,4.2,0.991946166635961,0.9701150607603788,0.9527900510907781,0.9550171056220362,0.9573488603323427,0.9583546518046733,0.9588240137911984,0.9585089766729641,0.9582327132165127,0.958267048465549,0.9583033956133581,0.9583189954771439,0.9583264103129553,0.9583214964741995,0.9583171784390776,0.9583185185713454,0.9583185188986045,0.9583185188986045,0.9583185188986045,0.9583185188986045,0.9583185188986045
0.014264233908999256,4.25,0.9930605051409527,0.9738999153985922,0.9545524105130179,0.9567107500766951,0.9591340815490998,0.9600017638589543,0.9605739180195727,0.9603007003025573,0.959996409247161,0.9600292455173965,0.9600669731766743,0.9600804420532516,0.9600894582706304,0.9600851978660727,0.9600804430418417,0.9600817761673298,0.960081776492877,0.960081776492877,0.960081776492877,0.960081776492877,0.960081776492877
0.013568559012200934,4.3,0.9940231915808283,0.9773202196181783,0.9563329897294384,0.9584078801106009,0.960890509327764,0.9616447346551762,0.9623206237089472,0.9620864118739754,0.9617600402618754,0.9617909463469746,0.9618295515434567,0.9618412749210781,0.961851901927993,0.9618482511514974,0.9618431524317625,0.9618444707072095,0.9618444710291291,0.9618444710291291,0.9618444710291291,0.9618444710291291,0.9618444710291291
0.012906812580479862,4.3500000000000005,0.9948541279101712,0.9803732036022047,0.9581597847785543,0.9601049675381251,0.9626150451808477,0.9632830067823378,0.9640593318078159,0.9638612125344809,0.9635189786592456,0.9635470339428858,0.9635860220053126,0.9635964235545048,0.9636086046347376,0.963605518191335,0.9636001726459775,0.9636014601963473,0.9636014605107621,0.9636014605107621,0.9636014605107621,0.9636014605107621,0.9636014605107621
0.012277339903068436,4.4,0.9955708057981878,0.9830706525192078,0.9600564997828538,0.9617879296952523,0.964295321827188,0.9649052324903908,0.9657736799088936,0.965608928301344,0.9652570775314465,0.9652808080226453,0.9653197118154794,0.9653292300193924,0.9653428309963402,0.9653402666072886,0.9653347716847493,0.9653360033643362,0.9653360036651054,0.9653360036651054,0.9653360036651054,0.9653360036651054,0.9653360036651054
0.011678566970395442,4.45,0.9961885452550295,0.9854344125632309,0.9620417696215305,0.9634357328256171,0.965912761258077,0.9664927723036083,0.967439703673397,0.9673060012346198,0.9669506355638786,0.9669680161269831,0.9670064068055186,0.96701547843099,0.9670302834226557,0.9670282052309762,0.9670226561158837,0.9670237974059839,0.9670237976846784,0.9670237976846784,0.9670237976846784,0.9670237976846784,0.9670237976846784
0.011108996538242306,4.5,0.9967207238643623,0.987492300471863,0.9641280896752035,0.9650250818691207,0.9674468851652142,0.968024297526533,0.9690310338085595,0.9689266240783732,0.9685735801128607,0.9685821169665026,0.9686196090337204,0.9686286570622642,0.9686443732416096,0.9686427542403669,0.9686372419669192,0.9686382502638087,0.9686382505100243,0.9686382505100243,0.9686382505100243,0.9686382505100243,0.9686382505100243
0.010567204383852655,4.55,0.9971789926258979,0.9892748313065315,0.9663204529511716,0.966535129651582,0.9688798351932666,0.9694804167412775,0.9705241690552998,0.9704479643393359,0.9701027078391584,0.9700996030766534,0.970135856821502,0.9701452799087286,0.9701615520530016,0.9701603757436955,0.9701549855627428,0.9701558128933324,0.9701558130953541,0.9701558130953541,0.9701558130953541,0.9701558130953541,0.9701558130953541
0.010051835744633576,4.6000000000000005,0.9975734760074436,0.9908128563854851,0.9686148516252135,0.967951146332068,0.9702000022559305,0.970847254317344,0.9719026520088178,0.9718543044256391,0.9715218159178406,0.9715042014874363,0.9715389250952529,0.9715490861181852,0.9715655202558582,0.9715647817399937,0.9715595913396364,0.9715601882895959,0.9715601884353577,0.9715601884353577,0.9715601884353577,0.9715601884353577,0.9715601884353577
0.009561601930543505,4.65,0.997912955007635,0.9921360148825958,0.9709969978486191,0.9692664953071194,0.9714040337744139,0.9721183313018109,0.9731593894347573,0.97313933488435,0.9728239766890062,0.9727891914291653,0.9728221436859945,0.9728333562539947,0.9728495500593065,0.9728492566926473,0.9728443341219731,0.9728446545173194,0.9728446545955456,0.9728446545955456,0.9728446545955456,0.9728446545955456,0.9728446545955456
0.009095277101695816,4.7,0.9982050329185658,0.9932718260964448,0.9734417950948601,0.9704828445312138,0.9724970656201667,0.9732947067342094,0.97429697885133,0.9743064549522105,0.9740118289403459,0.9739577015081063,0.9739886945996616,0.9740012081721364,0.974016784221877,0.9740169558418182,0.9740123572859866,0.9740123629818295,0.9740123629832058,0.9740123629832058,0.9740123629832058,0.9740123629832058,0.9740123629832058
0.008651695203120634,4.75,0.9984562841138541,0.9942452428155869,0.9759141322979522,0.9716090200238728,0.973491516117541,0.9743838238648156,0.9753264270005872,0.9753674571706916,0.9750962779177387,0.9750213734459828,0.9750502741970647,0.975064260123517,0.975078897153602,0.9750795657518422,0.9750753335472097,0.9750749985916511,0.9750749985098407,0.9750749985098407,0.9750749985098407,0.9750749985098407,0.9750749985098407
0.008229747049020023,4.800000000000001,0.9986723866232233,0.9950785129777635,0.9783713644278135,0.9726591181487789,0.9744050046281127,0.9753976864378336,0.9762648884129645,0.9763402158042439,0.9760942301463819,0.9759980215772578,0.9760247486737924,0.9760402904121648,0.9760537477261757,0.9760549563099625,0.9760511176863026,0.9760504311787737,0.9760504310111154,0.9760504310111154,0.9760504310111154,0.9760504310111154,0.9760504310111154
0.007828377549225767,4.8500000000000005,0.9988582395328803,0.9957912333153974,0.9807673702411369,0.9736504464118071,0.9752579231615014,0.9763508797365065,0.977133016809352,0.97724596573973,0.9770259445940517,0.9769088818965971,0.9769333961957508,0.9769504866870747,0.9769626180982426,0.9769644183967049,0.9769609853514891,0.9769599525156664,0.9769599522634368,0.9769599522634368,0.9769599522634368,0.9769599522634368,0.9769599522634368
0.007446583070924338,4.9,0.9990180664087482,0.9964005128426626,0.9830575010661092,0.9746016751459078,0.976071019998389,0.9772587018397352,0.9779523364133065,0.9781065777709187,0.9779123910279666,0.9777758611557037,0.9777981462543774,0.9778166939101414,0.9778274498429576,0.9778298985100411,0.9778268689829287,0.9778255102959601,0.9778255099641605,0.9778255099641605,0.9778255099641605,0.9778255099641605,0.9778255099641605
0.0070834089290521185,4.95,0.9991555060077689,0.9969211913809976,0.9852033406552196,0.9755313760111124,0.9768631861367317,0.9781354568604613,0.9787428495087729,0.9789420531698771,0.97877281918608,0.9786190115232272,0.9786390426279826,0.9786588851843228,0.9786683041524888,0.9786714572366587,0.9786688174502333,0.9786671660353754,0.9786671656320941,0.9786671656320941,0.9786671656320941,0.9786671656320941,0.9786671656320941
0.006737946999085467,5.,0.9992736915463766,0.9973660783289733,0.9871762164271971,0.9764569688496463,0.9776495515999831,0.9789928900232855,0.9795209922337383,0.9797683659380295,0.9796226511416767,0.9794543604923994,0.9794720616418504,0.979492985157513,0.9795011778875323,0.9795050836064149,0.9795028111891577,0.9795009089870367,0.9795009085225159,0.9795009085225159,0.9795009085225159,0.9795009085225159,0.9795009085225159
0.006409333446256377,5.050000000000001,0.9993753197548639,0.9977461906875981,0.9889588355949678,0.977394013393204,0.9784400122206721,0.9798388189964428,0.9802980508546492,0.9805957906864631,0.9804718276007655,0.980292234284538,0.9803074271593887,0.9803291864388275,0.9803363167771416,0.9803410070334545,0.9803390744290339,0.9803369678343877,0.9803369673199571,0.9803369673199571,0.9803369673199571,0.9803369673199571,0.9803369673199571
0.006096746565515633,5.1000000000000005,0.9994627108774036,0.9980709784781255,0.9905450299715645,0.9783557519887893,0.9792383716498336,0.9806761573657614,0.98107921056185,0.9814279184394638,0.9813238129908943,0.9811362761637923,0.9811486275407388,0.9811709644865302,0.9811772308193852,0.9811827123399035,0.9811810900476948,0.9811788257080446,0.9811788251550957,0.9811788251550957,0.9811788251550957,0.9811788251550957,0.9811788251550957
0.005799404726842141,5.15,0.9995378606916586,0.9983485315171872,0.9919380856865155,0.979352809837194,0.9800423150155043,0.9815026175302062,0.9818634437839231,0.9822615936624701,0.9821755018073792,0.981983390481623,0.9819923686978609,0.9820150262505012,0.9820206458902558,0.9820268922326699,0.9820255515679714,0.98202317291296,0.9820231723320972,0.9820231723320972,0.9820231723320972,0.9820231723320972,0.9820231723320972
0.0055165644207607716,5.2,0.9996024855278696,0.9985857651172659,0.993148342062686,0.9803929704681992,0.9808443505634857,0.9823113252219863,0.982644371836093,0.9830879196440996,0.9830181844218087,0.9828247554782762,0.9828296077069523,0.9828523385683822,0.9828575360189733,0.9828644818516696,0.9828633970870071,0.9828609419427183,0.9828609413431783,0.9828609413431783,0.9828609413431783,0.9828609413431783,0.9828609413431783
0.005247518399181385,5.25,0.9996580611711519,0.9987885844286715,0.9941906832627846,0.9814809567488308,0.9816336424051127,0.9830923560741981,0.9834120256588527,0.9838942527540165,0.9838395021830412,0.9836478206368332,0.9836475813851125,0.9836701521148385,0.9836751508138101,0.9836826897730131,0.9836818396669609,0.983679339065681,0.9836793384550413,0.9836793384550413,0.9836793384550413,0.9836793384550413,0.9836793384550413
0.004991593906910213,5.300000000000001,0.9997058564366053,0.998962028357077,0.9950823401993646,0.9826181635705276,0.9823983844196853,0.9838349004332065,0.9841551581347369,0.9846668138390959,0.9846260259075906,0.9844389133983953,0.9844324503705184,0.9844546423261333,0.9844596586347822,0.9844676457111665,0.984467014521728,0.984464492599199,0.9844644919833531,0.9844644919833531,0.9844644919833531,0.9844644919833531,0.9844644919833531
0.004748150999411473,5.3500000000000005,0.9997469621174956,0.9991103946256414,0.9958411955474978,0.9838023186318829,0.9831281735998251,0.9845295312028702,0.9848635648170704,0.9853933335947908,0.9853658768115316,0.9851858716540459,0.9851719687961925,0.985193577620632,0.9851988155707785,0.9852070744103395,0.985206652523964,0.9852041272460471,0.9852041266293818,0.9852041266293818,0.9852041266293818,0.9852041266293818,0.9852041266293818
0.004516580942612666,5.4,0.9997823159236666,0.9992373478274348,0.9964846153902577,0.9850271053802582,0.983815847083978,0.9851700210489827,0.98552987464919,0.9860651427925141,0.9860507999831212,0.9858801158920041,0.9858575863854036,0.9858784214047164,0.985884066970045,0.9858924017356567,0.985892186030088,0.9858896704273307,0.985889669813028,0.985889669813028,0.985889669813028,0.985889669813028,0.985889669813028
0.00429630469075234,5.45,0.9998127239514715,0.9993460123762573,0.9970287355099003,0.986281868381611,0.9844584537876503,0.985754342356937,0.9861504854841658,0.9866783278079341,0.9866773079208047,0.9865177865106584,0.9864856021072183,0.9865054863417846,0.9865117006702329,0.9865199112810725,0.9865199052938998,0.9865174088958059,0.9865174082861927,0.9865174082861927,0.9865174082861927,0.9865174082861927,0.9865174082861927
0.004086771438464067,5.5,0.9998388791579363,0.9994390522026456,0.9974880948154986,0.9875516103564856,0.985057326242774,0.9862847747111453,0.9867256251707865,0.9872338841398176,0.9872468226421173,0.9870998837826209,0.9870573023952796,0.9870760731799996,0.9870829851127988,0.9870908839119659,0.9870910978208602,0.9870886280434699,0.9870886274403575,0.9870886274403575,0.9870886274403575,0.9870886274403575,0.9870886274403575
0.003887457243476127,5.550000000000001,0.9998613772506768,0.9995187389140612,0.9978755096947322,0.9888175258289191,0.9856174580798746,0.9867672912296552,0.9872587632297626,0.9877370636337,0.9877650074496969,0.9876316084565364,0.9875782803199815,0.9875957899510006,0.9876034889916968,0.9876109164053632,0.9876113667538925,0.9876089300736781,0.9876089294786482,0.9876089294786482,0.9876089294786482,0.9876089294786482,0.9876089294786482
0.003697863716482929,5.6000000000000005,0.9998807303507535,0.9995870099790171,0.9982021013677301,0.9900582374297432,0.9861464963972546,0.9872105075151583,0.9877556881925376,0.9881962321651927,0.9882406008303108,0.9881212180715224,0.9880572528904952,0.9880733683132407,0.9880818996796675,0.9880887364406927,0.9880894454784702,0.9880870482998844,0.9880870477145011,0.9880870477145011,0.9880870477145011,0.9880870477145011,0.9880870477145011
0.0035175167749121284,5.65,0.9998973787378449,0.9996455183257935,0.998477410920243,0.9912516921593939,0.986653633552234,0.9876244589388244,0.9882235093572898,0.9886215357507502,0.9886840474372819,0.9885786912910574,0.9885046749373905,0.9885192752528286,0.9885286385044552,0.9885348126308873,0.9885358070937315,0.9885334562758855,0.9885334557018242,0.9885334557018242,0.9885334557018242,0.9885334557018242,0.9885334557018242
0.003345965457471272,5.7,0.9999117009451827,0.9996956745799948,0.9987095572055886,0.9923774085016291,0.98714858961764,0.9880193861818258,0.9886697159594191,0.9890235790861511,0.9891061295952903,0.9890143966140073,0.9889313553234163,0.9889443258531452,0.9889544778228185,0.9889599656670016,0.9889612748206693,0.9889589778701003,0.9889589773091946,0.9889589773091946,0.9889589773091946,0.9889589773091946,0.9889589773091946
0.003182780796509667,5.75,0.9999240224351075,0.9997386830086384,0.9989054089326713,0.9934185796857932,0.9876407766168532,0.988404624255005,0.9891013192054154,0.9894122243896243,0.9895167105001101,0.9894378677493939,0.9893471880812262,0.9893584100258055,0.9893692716796436,0.9893740936610802,0.9893757464916747,0.9893735114594362,0.9893735109136512,0.9893735109136512,0.9893735109136512,0.9893735109136512,0.9893735109136512
0.0030275547453758127,5.800000000000001,0.9999346230542777,0.9997755720953159,0.9990707538609029,0.9943635483690315,0.9881386641098817,0.988787648261857,0.9895240664683261,0.9897955659604485,0.9899236527309427,0.989856742064122,0.9897600629580117,0.9897693984724114,0.9897808643265581,0.989785076988558,0.9897870985567986,0.9897849337071063,0.989784933178461,0.989784933178461,0.989784933178461,0.989784933178461,0.989784933178461
0.0028798991580882404,5.8500000000000005,0.9999437434399572,0.9998072205426277,0.9992104558486997,0.9952063755935671,0.9886493301487522,0.9891733362646878,0.9899417543794798,0.9901791360261712,0.9903319805085834,0.9902759275735576,0.9901750242043275,0.99018229805959,0.9901942462754845,0.9901979327385682,0.9902003399142907,0.990198253261808,0.9901982527522599,0.9901982527522599,0.9901982527522599,0.9901982527522599,0.9901982527522599
0.0027394448187683684,5.9,0.9999515905249188,0.9998343793847027,0.9993285955006204,0.9959465184512044,0.9891781724222553,0.9895635420548042,0.9903557385609723,0.9905654275299542,0.990743386491469,0.9906971009439501,0.9905937781719882,0.9905987588711515,0.9906110602514107,0.990614320929309,0.9906171179454357,0.990615116783285,0.9906151162946151,0.9906151162946151,0.9906151162946151,0.9906151162946151,0.9906151162946151
0.0026058405184084983,5.95,0.9999583422678644,0.999857690793418,0.9994285931833127,0.9965878631457791,0.989728756463702,0.9899570865535521,0.9907647836416105,0.9909538371681095,0.99115619958814,0.9911186577165001,0.9910146650601267,0.9910170498172752,0.9910295744926966,0.9910325192960013,0.9910356937429864,0.9910337842910937,0.991033783824821,0.991033783824821,0.991033783824821,0.991033783824821,0.991033783824821
0.0024787521766663585,6.,0.9999641517184426,0.9998777040759208,0.9995133148968735,0.9971374528056279,0.9903027782930718,0.9903502360941785,0.991165369700609,0.9913410954909199,0.9915658872704274,0.9915361937263845,0.9914331662176445,0.9914325749265843,0.9914451962944618,0.9914479387744032,0.9914514587364224,0.9914496460186506,0.9914496455760019,0.9914496455760019,0.9914496455760019,0.9914496455760019,0.9914496455760019
0.0023578620064902307,6.050000000000001,0.9999691505106377,0.9998948892869002,0.9995851623731794,0.9976042117839163,0.9909001118039417,0.9907376283359328,0.9915524602831425,0.9917221468434939,0.991966052553869,0.9919434823496592,0.9918429046894722,0.9918388874017018,0.9918514835870245,0.9918541368138363,0.9918579497978074,0.9918562378066721,0.9918562373886228,0.9918562373886228,0.9918562373886228,0.9918562373886228,0.9918562373886228
0.002242867719485801,6.1000000000000005,0.9999734518650695,0.9999096488154243,0.9996461491504658,0.9979978619124482,0.9915188996067233,0.99111346908288,0.9919205848555508,0.9920913052292831,0.9923497396157027,0.9923337641942473,0.9922369510796079,0.9922290115223511,0.992241465104278,0.9922441386630225,0.9922481727954243,0.9922465649394084,0.9922465645467914,0.9922465645467914,0.9922465645467914,0.9922465645467914,0.9922465645467914
0.002133481770037708,6.15,0.9999771531694065,0.9999223272517983,0.9996979644560201,0.9983281138223715,0.9921556411858533,0.991472726937775,0.9922649727736538,0.9924434143185195,0.9927107562725047,0.9927010582671342,0.9926091425000779,0.9925967772273521,0.9926089741248361,0.9926117714822374,0.9926159391650867,0.9926144389358458,0.9926144385695138,0.9926144385695138,0.9926144385695138,0.9926144385695138,0.9926144385695138
0.002029430636295734,6.2,0.9999803381963229,0.9999332197935462,0.9997420266501937,0.9986041337284403,0.9928052482087941,0.9918120559066794,0.992582461667017,0.9927747422429956,0.9930447186112425,0.9930411992564426,0.9929551210305508,0.9929378706284014,0.9929496989031724,0.992952714530665,0.9929569183789076,0.9929555301378568,0.9929555297988755,0.9929555297988755,0.9929555297988755,0.9929555297988755,0.9929555297988755
0.0019304541362277093,6.25,0.9999830790100511,0.9999425794102472,0.9997795278272011,0.9988342410919012,0.9934610802010163,0.9921302799390027,0.9928719968472663,0.9930834485470542,0.9933496279682105,0.9933524094782751,0.99327290392597,0.9932504099754974,0.9932617590068605,0.9932650749801575,0.9932692154482574,0.9932679452156334,0.9932679449054743,0.9932679449054743,0.9932679449054743,0.9932679449054743,0.9932679449054743
0.0018363047770289056,6.300000000000001,0.9999854376053661,0.9999506229534884,0.9998114709797683,0.999025777630859,0.9941150326099922,0.9924284210218824,0.9931346842145342,0.9933696137558926,0.9936259466921166,0.9936353697430709,0.9935629539200257,0.9935350136313158,0.9935457737860633,0.9935494560258367,0.9935534397481313,0.9935522958753663,0.9935522955960691,0.9935522955960691,0.9935522955960691,0.9935522955960691,0.9935522955960691
0.0017467471362611182,6.3500000000000005,0.9999874673166511,0.9999575363698653,0.9998387009431775,0.9991850911985024,0.9947577904993151,0.9927093721067265,0.9933734825080758,0.9936349442063206,0.9938762706986349,0.9938928848216096,0.99382784848114,0.9937944583517406,0.9938045210067216,0.9938086157429831,0.9938123633691296,0.9938113569786434,0.9938113567329253,0.9938113567329253,0.9938113567329253,0.9938113567329253,0.9938113567329253
0.001661557273173934,6.4,0.999989214029394,0.9999634791509393,0.9998619301540378,0.9993175890150613,0.9953793455132096,0.9929773675245902,0.9935926769441478,0.993882309793734,0.9941047573296297,0.9941292999117286,0.9940717057387688,0.9940330865488458,0.9940423441445503,0.9940468754213444,0.9940503277332452,0.9940494728139331,0.9940494726052095,0.9940494726052095,0.9940494726052095,0.9940494726052095,0.9940494726052095
0.001580522168736217,6.45,0.9999907172218737,0.9999685881337265,0.999881760096923,0.9994278272824635,0.995969785867453,0.9932373910753178,0.9937972671874297,0.994115244073552,0.9943164575794194,0.9943498156954523,0.9942995136671882,0.9942561118137194,0.9942644575066854,0.9942694264729643,0.9942725478785618,0.9942718609325091,0.9942718607648102,0.9942718607648102,0.9942718607648102,0.9942718607648102,0.9942718607648102
0.0015034391929775724,6.5,0.9999920108609173,0.9999729807480987,0.999898699170165,0.9995196152270005,0.9965202412540893,0.9934946163861839,0.9939923596409062,0.9943374732191872,0.9945166547064637,0.9945598037522753,0.9945164612397087,0.9944689256099818,0.994476252046559,0.9944816383971141,0.9944844174592896,0.9944839166147965,0.9944839164925483,0.9944839164925483,0.9944839164925483,0.9944839164925483,0.9944839164925483
0.0014301155983078731,6.550000000000001,0.9999931241722005,0.9999767577928943,0.9999131775802533,0.9995961200775507,0.9970237669868242,0.9937539268433404,0.9941826116763973,0.9945524865314019,0.9947102631481616,0.994764177910944,0.9947273231700853,0.9946764614998308,0.994682658297115,0.9946884236740857,0.9946908709817215,0.9946905745330953,0.9946905744607636,0.9946905744607636,0.9946905744607636,0.9946905744607636,0.9946905744607636
0.0013603680375478928,6.6000000000000005,0.9999940823027264,0.9999800058102366,0.9999255597710903,0.9996599654398037,0.9974759460044291,0.9940195311514989,0.9943717545088905,0.9947631431152625,0.9949013154098353,0.9949668533235759,0.9949359267582425,0.9948826492589937,0.9948875990268067,0.9948936916929242,0.9948958358945617,0.994895760310698,0.9948957602923018,0.9948957602923018,0.9948957602923018,0.9948957602923018,0.9948957602923018
0.001294022105465848,6.65,0.9999949068905822,0.9999827991170912,0.9999361548076278,0.9997133194369614,0.9978750792407848,0.9942946782772075,0.9945622250724055,0.9949713280760901,0.9950925646841701,0.9951703274549475,0.9951447337067395,0.9950899934636912,0.9950935666848668,0.9950999265226252,0.9951018095593527,0.9951019671176388,0.9951019671561729,0.9951019671561729,0.9951019671561729,0.9951019671561729,0.9951019671561729
0.001230911902673481,6.7,0.999995616555006,0.9999852015442889,0.9999452250611233,0.9997579713984589,0.9982219709524996,0.9945814755049585,0.9947549535746244,0.995177707112776,0.9952852460076727,0.9953754333702136,0.9953545881304148,0.9952993270003442,0.9953013767533286,0.9953079396897799,0.9953096121599891,0.9953100084859579,0.9953100085827925,0.9953100085827925,0.9953100085827925,0.9953100085827925,0.9953100085827925
0.0011708796207911744,6.75,0.9999962273179133,0.9999872679257263,0.9999529934831567,0.9997953972637947,0.9985194256657323,0.9948808153304712,0.9949493613764331,0.9953816513479664,0.9954790475991705,0.9955813235572597,0.9955646912651295,0.9955097972758478,0.9955101554382244,0.9955168566749094,0.9955183739427087,0.9955190058304465,0.9955190059847951,0.9955190059847951,0.9955190059847951,0.9955190059847951,0.9955190059847951
0.0011137751478448024,6.800000000000001,0.9999967529664908,0.9999890453741092,0.9999596497058422,0.9998268145901957,0.9987716172044665,0.9951924120249851,0.9951436034467689,0.9955813904783831,0.9956723257793246,0.9957857210247906,0.9957728422229503,0.9957191208305572,0.995717597754792,0.9957243735657346,0.9957257928382305,0.9957266467560402,0.995726646964596,0.995726646964596,0.995726646964596,0.995726646964596,0.995726646964596
0.001059455692907609,6.8500000000000005,0.9999972053651193,0.9999905743742394,0.9999653551646029,0.9998532283656956,0.9989834715066016,0.9955149333559242,0.9953350355835243,0.9957743968036598,0.9958625448475927,0.9959854177523582,0.9959759269578505,0.9959240850728074,0.9959204745317494,0.9959272627520849,0.9959286410218064,0.9959296926577411,0.9959296929145652,0.9959296929145652,0.9959296929145652,0.9959296929145652,0.9959296929145652
0.0010077854290485105,6.9,0.9999975947237063,0.9999918897202419,0.9999702474059838,0.9998754689036307,0.9991601533061499,0.9958461914748761,0.9955208175093645,0.9959579265253735,0.9960468549397946,0.9961769274619839,0.9961705636005409,0.9961212029450031,0.996115293353436,0.9961220329264219,0.9961234254698217,0.9961246405518608,0.9961246408485833,0.9961246408485833,0.9961246408485833,0.9961246408485833,0.9961246408485833
0.0009586351536940199,6.95,0.9999979298285417,0.9999930213192658,0.9999744437150594,0.9998942230395536,0.9993066926245006,0.9961833409742139,0.9956985145655994,0.9961295867977367,0.9962226719576744,0.9963571468037602,0.9963537585481359,0.9963073741130698,0.9962989658297956,0.9963055958692679,0.9963070549281986,0.9963083913833648,0.9963083917097131,0.9963083917097131,0.9963083917097131,0.9963083917097131,0.9963083917097131
0.0009118819655545162,7.,0.9999982182409084,0.9999939948808899,0.9999780441739821,0.9999100597339841,0.9994277476317065,0.9965230350282693,0.995866562291119,0.9962877899388578,0.9963881248777138,0.9965238775898396,0.996523425535263,0.996480405575805,0.9964693327999423,0.9964757915719137,0.996477364911316,0.9964787762247588,0.9964787765693754,0.9964787765693754,0.9964787765693754,0.9964787765693754,0.9964787765693754
0.0008674089573070017,7.050000000000001,0.9999984664679611,0.9999948325086389,0.9999811342442325,0.9999234510436076,0.9995274795633582,0.9968615187419534,0.9960245101511116,0.9964320030949567,0.9965422891218922,0.9966761151740502,0.9966786719181504,0.9966392975382756,0.9966254522165876,0.9966316763059384,0.9966334055086723,0.996634844928425,0.9966348452798961,0.9966348452798961,0.9966348452798961,0.9966348452798961,0.9966348452798961
0.0008251049232659038,7.1000000000000005,0.9999986801097517,0.9999955532076471,0.9999837869495058,0.9999347892814514,0.9996095090753349,0.9971946838953027,0.9961730344209205,0.9965627746125374,0.9966852012284962,0.9968140862065932,0.9968198343009069,0.9967842785724292,0.9967676329818324,0.9967735567595689,0.9967754753412754,0.9967769003817002,0.9967769007296546,0.9967769007296546,0.9967769007296546,0.9967769007296546,0.9967769007296546
0.0007848640813109316,7.15,0.9999988639857379,0.9999961733204631,0.9999860647232496,0.999944401054459,0.9996769257043553,0.9975181479483519,0.9963137697751804,0.9966815800724096,0.9968177111566332,0.9969390847832397,0.9969483113730533,0.9969166395263612,0.9968972638729743,0.9969028192644456,0.9969049508999632,0.9969063274768759,0.9969063278129942,0.9969063278129942,0.9969063278129942,0.9969063278129942,0.9969063278129942
0.0007465858083766792,7.2,0.9999990222436277,0.9999967069012334,0.9999880209741858,0.9999525587496415,0.9997323280213084,0.997827425720151,0.9964490344554133,0.9967905590326424,0.9969412510596485,0.9970531862585514,0.9970662721938415,0.9970384452493566,0.9970165168824857,0.9970216333664422,0.9970239906360198,0.9970252961710425,0.9970252964898142,0.9970252964898142,0.9970252964898142,0.9970252964898142,0.9970252964898142
0.000710174388842549,7.25,0.9999991584530472,0.9999971660370629,0.9999897014143697,0.9999594899391113,0.9997778785431812,0.998118223009427,0.9965815175275898,0.9968922089656177,0.997057585249268,0.9971589132608538,0.9971763137452742,0.9971521977290474,0.9971279995989512,0.9971326043252101,0.9971351883532267,0.9971364133429764,0.9971364136420844,0.9971364136420844,0.9971364136420844,0.9971364136420844,0.9971364136420844
0.0006755387751938437,7.300000000000001,0.9999992756861343,0.9999975611240445,0.9999911451869743,0.9999653850890354,0.999815363037429,0.9983868142914228,0.9967139744801456,0.9969890813849209,0.9971685745994099,0.9972589049187139,0.9972811186517676,0.9972605002874767,0.997234408088362,0.9972384259737075,0.9972412271415295,0.99724237497838,0.9972423752586547,0.9972423752586547,0.9972423752586547,0.9972423752586547,0.9972423752586547
0.0006425923603555573,7.3500000000000005,0.999999376586893,0.9999979011044053,0.9999923858249841,0.9999704038866355,0.9998462480582259,0.9986304101031561,0.9968489553367209,0.997083503982691,0.9972759617335307,0.9973556162550905,0.9973831408636014,0.9973657488440121,0.9973382084927637,0.9973415621479484,0.9973445617856456,0.9973456469638251,0.9973456472288077,0.9973456472288077,0.9973456472288077,0.9973456472288077,0.9973456472288077
0.0006112527611295723,7.4,0.9999994634308748,0.9999981936702714,0.9999934520669164,0.9999746804408289,0.9998717334621339,0.9988474084827863,0.9969885765659298,0.9971773421635841,0.997381174301951,0.9974510615814361,0.9974843351976781,0.9974698645881223,0.9974413636020322,0.9974439729876814,0.9974471456989958,0.9974481908371733,0.9974481910923868,0.9974481910923868,0.9974481910923868,0.9974481910923868,0.9974481910923868
0.0005814416121937556,7.45,0.9999995381765375,0.9999984454387804,0.999994368551505,0.9999783275641727,0.9998927985217156,0.9990374643429591,0.9971343453938031,0.9972718152280861,0.9974851530272901,0.9975466157677328,0.9975859478329929,0.9975740844853199,0.9975451218022408,0.9975469036412434,0.9975502197864512,0.9975512520632158,0.9975512523152966,0.9975512523152966,0.9975512523152966,0.9975512523152966,0.9975512523152966
0.0005530843701478336,7.5,0.9999996025094405,0.9999986621025875,0.9999951564098136,0.99998144030471,0.9999102413770985,0.999201375119391,0.9972870481093189,0.9973673906543823,0.9975882289635614,0.9976428947909247,0.9976883929542668,0.9976788351632088,0.997649893743669,0.9976507609344734,0.9976541888167221,0.9976552364251979,0.997655236681029,0.997655236681029,0.997655236681029,0.997655236681029,0.997655236681029
0.0005261101271160632,7.550000000000001,0.9999996578802787,0.9999988485592406,0.9999958337703018,0.9999840988645823,0.9999247121822619,0.9993408349874042,0.9974467155816472,0.9974637839190276,0.997690085896147,0.9977397413839342,0.9977912446640477,0.9977837203484493,0.9977552456979357,0.9977551072208793,0.9977586146596675,0.9977597037742649,0.9977597040402358,0.9977597040402358,0.9977597040402358,0.9977597040402358,0.9977597040402358
0.0005004514334406104,7.6000000000000005,0.9999997055376166,0.9999990090224076,0.9999964161899721,0.9999863710165326,0.9999367405989699,0.9994581323684424,0.9976126732722773,0.9975600810499274,0.9977898369280285,0.9978363324835405,0.9978933625348233,0.9978876414504546,0.9978600274606749,0.9978587894396478,0.9978623446059156,0.9978634971756429,0.9978634974571112,0.9978634974571112,0.9978634974571112,0.9978634974571112,0.9978634974571112
0.00047604412902226933,7.65,0.9999997465560551,0.9999991471175002,0.9999969170226507,0.9999883141085995,0.9999467583948725,0.9995558573411699,0.997783667505415,0.9976549739713393,0.9978862165272541,0.9979313991623088,0.9979931408377576,0.9979890423086435,0.9979626240755031,0.9979601926403439,0.9979637642084104,0.9979649967018283,0.9979649970028136,0.9979649970028136,0.9979649970028136,0.9979649970028136,0.9979649970028136
0.00045282718288679695,7.7,0.999999781860474,0.9999992659639055,0.9999973477337765,0.9999899767304578,0.999955117897732,0.999636661155767,0.9979580391616707,0.9977470640381255,0.9979778512191175,0.9980235155517726,0.9980888349291871,0.998086232131274,0.9980612841283375,0.9980575704777793,0.998061127275019,0.9980624503395409,0.9980624506626417,0.9980624506626417,0.9980624506626417,0.9980624506626417,0.9980624506626417
0.00043074254057568753,7.75,0.999999812246896,0.9999993682456961,0.9999977181696214,0.9999914001012278,0.9999621069978806,0.9997030841795265,0.9981339004838868,0.9978351648766141,0.9980635431482481,0.9981113887984547,0.9981788918370373,0.9981777137816753,0.9981544512175665,0.9981493788655653,0.9981528892500829,0.998154308131325,0.9981543084778214,0.9981543084778214,0.9981543084778214,0.9981543084778214,0.9981543084778214
0.00040973497897978643,7.800000000000001,0.99999983840044,0.9999994562724425,0.9999980367876624,0.9999926192275391,0.9999679613077254,0.9997574497926932,0.9983092711373529,0.9979185363973402,0.99814249720396,0.9981940827043926,0.9982622113624436,0.99826244350394,0.9982410248708469,0.9982345385859251,0.9982379697612996,0.9982394852598991,0.9982394856299865,0.9982394856299865,0.9982394856299865,0.9982394856299865,0.9982394856299865
0.0003897519682527545,7.8500000000000005,0.999999860910777,0.9999995320315173,0.9999983108538117,0.9999936638717293,0.9999728739984671,0.9998018118910693,0.9984821501868537,0.9979970078112924,0.9982144458532457,0.9982711343943406,0.9983382902465466,0.998339974198638,0.9983205037137852,0.9983125792252274,0.9983158966386122,0.9983175063581796,0.9983175067512722,0.9983175067512722,0.9983175067512722,0.9983175067512722,0.9983175067512722
0.0003707435404590882,7.9,0.9999998802854257,0.9999995972330816,0.9999985466113462,0.999994559362784,0.9999770037497615,0.9998379408311097,0.9986505339806079,0.9980709842701836,0.9982796623153857,0.9983425616313176,0.998407241020949,0.998410473320607,0.9983930028814216,0.9983836560655603,0.9983868229675327,0.9983885226219209,0.998388523036972,0.998388523036972,0.998388523036972,0.998388523036972,0.998388523036972
0.00035266216462825575,7.95,0.9999998969612024,0.9999996533487844,0.9999987494256659,0.9999953272767972,0.9999804811723638,0.9998673339552084,0.9988124193506525,0.998141361350041,0.9983388835647112,0.998408788950036,0.9984697100557871,0.9984746393470958,0.9984591704837951,0.9984484644940594,0.9984514416904706,0.9984532262826874,0.9984532267184765,0.9984532267184765,0.9984532267184765,0.9984532267184765,0.9984532267184765
0.00033546262790251185,8.,0.9999999113140678,0.9999997016450493,0.9999989239083762,0.999995986008911,0.9999834139983329,0.9998912398449797,0.998965839719297,0.9982093840445889,0.9983931786924263,0.9984705320272361,0.9985267344431314,0.9985335559476993,0.998520042807577,0.9985080915817631,0.9985108373834403,0.9985127021290376,0.9985127025843957,0.9985127025843957,0.9985127025843957,0.9985127025843957,0.9985127025843957
0.00031910192248120326,8.05,0.9999999236676096,0.9999997432117148,0.9999990740237,0.9999965512548546,0.9999858912781844,0.9999106886788263,0.9991089619470587,0.9982764836419462,0.9984437958731855,0.9985286726497039,0.9985795749857153,0.9985885207769829,0.9985768752120625,0.9985638421359545,0.9985663125000515,0.9985682534290293,0.9985682539029861,0.9985682539029861,0.9985682539029861,0.9985682539029861,0.9985682539029861
0.0003035391380788668,8.1,0.9999999343003357,0.9999997789866694,0.9999992031797524,0.9999970364169992,0.9999879867785327,0.9999265238132912,0.9992402341889232,0.9983441149266497,0.9984920104351495,0.9985841409033949,0.9986295507955929,0.9986408743444026,0.9986309736648047,0.9986170649540136,0.9986192137976023,0.998621228018886,0.9986212285107353,0.9986212285107353,0.9986212285107353,0.9986212285107353,0.9986212285107353
0.000288735359628203,8.15,0.9999999434519565,0.9999998097770496,0.9999993143068641,0.9999974529472816,0.9999897617362051,0.9999394317591448,0.9993585416355089,0.9984136058399988,0.9985389859474536,0.9986378077546083,0.9986778889799701,0.9986918428626532,0.9986835399815808,0.998668993401726,0.9986707730497922,0.9986728586973532,0.9986728592066376,0.9986728592066376,0.9986728592066376,0.9986728592066376,0.9986728592066376
0.00027465356997214205,8.200000000000001,0.9999999513287894,0.9999998362774769,0.9999994099248029,0.999997810637225,0.9999912670942182,0.9999499691261194,0.9994633171930778,0.9984860266587249,0.9985856550309796,0.9986903866764202,0.9987255963296219,0.9987424030223544,0.9987355379469582,0.9987206084802878,0.9987219701963678,0.9987241260993823,0.9987241266258144,0.9987241266258144,0.9987241266258144,0.9987241266258144,0.9987241266258144
0.00026125855730166754,8.25,0.9999999581084114,0.9999998590857497,0.9999994922004901,0.9999981178635419,0.999992545320298,0.9999585860001455,0.9995545714822047,0.9985620862517408,0.998632627545801,0.998742347660828,0.9987733599476322,0.9987931772426542,0.9987875884967277,0.9987725331398338,0.9987734276968826,0.9987756528336086,0.9987756533769371,0.9987756533769371,0.9987756533769371,0.9987756533769371,0.9987756533769371
0.00024851682710795185,8.3,0.9999999639436615,0.9999998787163437,0.9999995629975549,0.9999983817963894,0.9999936318887139,0.9999656457395012,0.999632837969141,0.9986420661202593,0.9986801379206653,0.9987938558418964,0.998821487519778,0.998844371995466,0.9988399066922706,0.9988249705729133,0.9988253488693696,0.9988276416791044,0.9988276422389462,0.9988276422389462,0.9988276422389462,0.9988276422389462,0.9988276422389462
0.00023639651842864072,8.35,0.9999999689660891,0.9999998956120318,0.9999996239189033,0.9999986085761664,0.9999945564902238,0.9999714414540858,0.9996990562871487,0.9987258041309586,0.9987280453893529,0.9988447526961122,0.9988699001377047,0.9988957737643356,0.9988922955310523,0.9988777010169633,0.9988775148231399,0.9988798724622757,0.9988798730379339,0.9988798730379339,0.9988798730379339,0.9988798730379339,0.9988798730379339
0.0002248673241788482,8.4,0.9999999732889177,0.9999999101538791,0.9999996763432836,0.9999988034637637,0.999995344022117,0.9999762095562538,0.999754428765645,0.9988127349946265,0.9987758957605973,0.9988945943437314,0.9989181860235339,0.9989468118238769,0.9989442063586299,0.9989301459978218,0.9989293489987577,0.9989317666325954,0.998931767222887,0.998931767222887,0.998931767222887,0.998931767222887,0.998931767222887
0.0002139004153676611,8.450000000000001,0.9999999770095994,0.9999999226698465,0.9999997214567032,0.9999989709683932,0.9999960154001033,0.9999801408053876,0.9998002819489724,0.998901982518795,0.9988230397471705,0.9989427475869684,0.9989657104973121,0.9989966828572989,0.9989948613673713,0.9989814946059348,0.9989800439433192,0.9989825141611952,0.9989825147643079,0.9989825147643079,0.9989825147643079,0.9989825147643079,0.9989825147643079
0.00020346836901064417,8.5,0.9999999802120105,0.9999999334421928,0.9999997602794302,0.999999114956443,0.9999965882255976,0.9999833892525793,0.9998379533610589,0.998992483178638,0.9988687855068036,0.9989885252724797,0.9990117604392816,0.9990445141510766,0.9990434151801426,0.9990308680934852,0.9990287265706493,0.9990312389945579,0.9990312396079538,0.9990312396079538,0.9990312396079538,0.9990312396079538,0.9990312396079538
0.00019354509955809383,8.55,0.9999999829683446,0.9999999427138444,0.999999793689196,0.999999238744258,0.9999970773353991,0.9999860794519949,0.9998687113214074,0.9990831092855921,0.99891255087558,0.9990313280856833,0.9990556892664879,0.9990895288864677,0.9990891190872594,0.9990774859945417,0.9990746249985405,0.9990771661232505,0.9990771667436277,0.9990771667436277,0.9990771667436277,0.9990771667436277,0.9990771667436277
0.0001841057936675792,8.6,0.9999999853407375,0.9999999506938787,0.9999998224411439,0.9999993451772828,0.9999974952555194,0.9999883122567007,0.9998937065144112,0.9991727605169803,0.9989539811314078,0.9990707581202766,0.9990970287492597,0.9991311766851294,0.9991314509787748,0.9991207968196002,0.9991171998602019,0.9991197531201667,0.999119753743475,0.999119753743475,0.999119753743475,0.999119753743475,0.999119753743475
0.00017512684815765842,8.65,0.9999999873826706,0.9999999575622409,0.9999998471849758,0.9999994366976264,0.9999978525767239,0.9999901694673252,0.9999139492448363,0.9992604069345883,0.9989930110910269,0.9991066812950434,0.9991355473393747,0.9991692056846532,0.9991701870285167,0.9991605496853788,0.9991562162733426,0.9991587622908035,0.9991587629123064,0.9991587629123064,0.9991587629123064,0.9991587629123064,0.9991587629123064
0.00016658581098763324,8.700000000000001,0.9999999891401756,0.9999999634738043,0.9999998684796959,0.9999995154017837,0.9999981582659889,0.9999917175561747,0.9999303049714166,0.9993450890759367,0.9990298686945482,0.9991392339375108,0.9991712538220137,0.9992036719548841,0.999205410670634,0.9991968028869569,0.9991917522801895,0.9991942692252518,0.9991942698396128,0.9991942698396128,0.9991942698396128,0.9991942698396128,0.9991942698396128
0.00015846132511575126,8.75,0.9999999906528718,0.9999999685618629,0.9999998868062883,0.9999995830899749,0.9999984199253718,0.9999930106491096,0.9999435013759592,0.9994259000244219,0.999065031947024,0.9991687842810912,0.999204360377293,0.9992348985135585,0.9992374708487864,0.9992298818744012,0.9992241560359196,0.999226620031493,0.9992266206328765,0.9992266206328765,0.9992266206328765,0.9992266206328765,0.9992266206328765
0.0001507330750954765,8.8,0.9999999919548594,0.9999999729411403,0.9999999025786174,0.9999996413083517,0.999998644007642,0.9999940929131591,0.9999541417162638,0.9995019801662358,0.9990991572052994,0.9991958666436016,0.9992352247613107,0.9992634037610809,0.9992669091089987,0.9992603065518985,0.9992539715665509,0.9992563570941284,0.9992563576762986,0.9992563576762986,0.9992563576762986,0.9992563576762986,0.9992563576762986
0.00014338173627629318,8.85,0.9999999930754887,0.9999999767103759,0.9999999161528063,0.9999996913851145,0.9999988359962696,0.9999950004691637,0.9999627207990821,0.999572544406791,0.9991329950840337,0.9992211049109082,0.9992642877868481,0.9992898179696555,0.999294374000186,0.9992887064480392,0.9992818517433931,0.9992841320348175,0.9992841325912348,0.9992841325912348,0.9992841325912348,0.9992841325912348,0.9992841325912348
0.0001363889264820114,8.9,0.9999999940400222,0.9999999799545533,0.9999999278352987,0.9999997344614435,0.9999990005559622,0.9999957629251783,0.9999696412519647,0.9996369403428949,0.9991673048509611,0.9992451365752217,0.9992920144149223,0.999314800578829,0.9993205355115631,0.9993157362734205,0.9993084713362306,0.9993106187564493,0.9993106192803664,0.9993106192803664,0.9993106192803664,0.9993106192803664,0.9993106192803664
0.0001297371600457538,8.950000000000001,0.9999999948702026,0.9999999827468166,0.9999999378897966,0.9999997715179921,0.9999991416588231,0.9999964046071983,0.9999752287716561,0.9996947166912283,0.9992027733261879,0.9992685432862322,0.9993188400422526,0.9993389650356752,0.9993460064983237,0.9993419984117755,0.9993344472117781,0.9993364336405244,0.999336434125077,0.999336434125077,0.999336434125077,0.999336434125077,0.999336434125077
0.00012340980408667956,9.,0.9999999955847452,0.9999999851501196,0.9999999465432242,0.9999998033975911,0.9999992626902646,0.9999969455482987,0.9999797457052942,0.9997456746717676,0.9992399423698537,0.9992917912725143,0.9993451213112853,0.9993628146370844,0.9993712750699307,0.9993679759244907,0.9993602697745726,0.9993620669844777,0.9993620674227802,0.9993620674227802,0.9993620674227802,0.9993620674227802,0.9993620674227802
0.00011739103691911796,9.05,0.9999999961997572,0.9999999872186458,0.9999999539908632,0.9999998308247191,0.9999993665380952,0.9999974022848639,0.9999834027472265,0.9997898829699924,0.9992791501402642,0.9993151854694314,0.9993710931135706,0.9993866928429775,0.9993966522161373,0.9993939801400781,0.9993862500538483,0.9993878300712866,0.9993878304565176,0.9993878304565176,0.9993878304565176,0.9993878304565176,0.9993878304565176
0.00011166580849011478,9.1,0.9999999967291026,0.9999999889990303,0.9999999604007664,0.9999998544221957,0.9999994556675735,0.9999977884986545,0.9999863687812276,0.9998276525836047,0.9993204936680309,0.9993388432507415,0.9993968379000621,0.9994107534111826,0.9994222409699416,0.9994201191731089,0.999412488831327,0.9994138242691956,0.99941382459468,0.99941382459468,0.99941382459468,0.99941382459468,0.99941382459468
0.00010621980274645875,9.15,0.9999999971847136,0.9999999905314116,0.999999965917556,0.9999998747255074,0.999999532184741,0.9999981155355463,0.9999887790260092,0.9998594818062001,0.9993638211027239,0.999362694662647,0.9994222762823228,0.9994349568095622,0.9994479343882289,0.9994462948778504,0.9994388750952833,0.9994399394719553,0.9994399397312397,0.9994399397312397,0.9994399397312397,0.9994399397312397,0.9994399397312397
0.00010103940183709324,9.200000000000001,0.9999999975768615,0.9999999918503369,0.9999999706656952,0.999999892195101,0.9999995978899506,0.9999983928254894,0.9999907416960753,0.9998859880012619,0.9994087586812563,0.9993865134854407,0.9994471861868122,0.9994590970794717,0.9994734469430109,0.9994722331074727,0.9994651182889127,0.999465886388605,0.999465886575544,0.999465886575544,0.999465886575544,0.999465886575544,0.999465886575544
0.0000961116520613947,9.25,0.9999999979143859,0.9999999929855404,0.9999999747522959,0.9999999072269333,0.999999654323167,0.9999986282232197,0.9999923434010014,0.9999078415722642,0.9994547694497662,0.999409976636129,0.9994712508794471,0.9994828568206872,0.9994983768315484,0.9994975450138415,0.9994908116268851,0.9994912599942414,0.9994912601031182,0.9994912601031182,0.9994912601031182,0.9994912601031182,0.9994912601031182
0.00009142423147817327,9.3,0.9999999982048958,0.999999993962615,0.9999999782695406,0.9999999201615338,0.9999997028023556,0.9999988282852985,0.999993653494215,0.9999257120403954,0.9995012306412525,0.999432740724959,0.9994941266525836,0.9995058794231153,0.9995222875742034,0.9995218078824851,0.9995155145834154,0.9995156222573665,0.9995156222830709,0.9995156222830709,0.9995156222830709,0.9995156222830709,0.9995156222830709
0.00008696541909440292,9.35,0.9999999984549399,0.999999994803587,0.9999999812967639,0.9999999312917851,0.9999997444560618,0.9999989984958965,0.9999947275595094,0.9999402300840962,0.9995475094859083,0.9994545184815039,0.9995155137264563,0.9995278415545832,0.9995447906593312,0.9995446472845787,0.9995388361069193,0.9995385856735589,0.9995385856118469,0.9995385856118469,0.9995385856118469,0.9995385856118469,0.9995385856118469
0.00008272406555663223,9.4,0.9999999986701548,0.9999999955274156,0.9999999839022431,0.9999999408696065,0.9999997802510818,0.9999991434512377,0.9999956101971023,0.9999519649334955,0.999593017838259,0.9994751379376116,0.9995352130357545,0.9995485090674725,0.9995656108137823,0.9995658020665853,0.9995605000516427,0.9995598790329201,0.9995598788807526,0.9995598788807526,0.9995598788807526,0.9995598788807526,0.9995598788807526
0.00007868956527179456,9.450000000000001,0.9999999988553919,0.9999999961504186,0.9999999861447408,0.9999999491116975,0.999999811015999,0.9999992670106338,0.9999963372449789,0.9999614141673594,0.9996372352822186,0.9994945737292663,0.9995531574375379,0.9995677661605527,0.9995846220373816,0.9995851602069831,0.999580380993531,0.999579383493136,0.9995793832490832,0.9995793832490832,0.9995793832490832,0.9995793832490832,0.9995793832490832
0.0000748518298877006,9.5,0.9999999990148268,0.9999999966866405,0.9999999880748304,0.9999999562044719,0.999999837461217,0.9999993724204543,0.9999969375474336,0.9999690022985444,0.9996797042554484,0.9995129490354896,0.9995694150013279,0.9995856172026687,0.999601852307542,0.9996027633126849,0.9995985084452677,0.9995971368535954,0.999597136518254,0.999597136518254,0.999597136518254,0.999597136518254,0.999597136518254
0.00007120126306690273,9.55,0.999999999152054,0.9999999971481699,0.999999989736038,0.9999999623082985,0.9999998601960337,0.9999994624161336,0.999997434361999,0.9999750848599899,0.9997200122592139,0.9995305139946643,0.9995841697559298,0.9996021682616311,0.9996174630839231,0.9996187857476313,0.9996150457304355,0.9996133121707856,0.9996133117471315,0.9996133117471315,0.9996133117471315,0.9996133117471315,0.9996133117471315
0.00006772873649085378,9.600000000000001,0.9999999992701661,0.9999999975454107,0.9999999911658246,0.9999999675611461,0.9999998797431972,0.9999995393062995,0.9999978464783859,0.9999799554356816,0.9997577795555616,0.999547609452785,0.9995976887777552,0.9996175981934011,0.9996317135233714,0.9996334981810017,0.9996302535095646,0.9996281806371188,0.9996281801307018,0.9996281801307018,0.9996281801307018,0.9996281801307018,0.9996281801307018
0.00006442556703435542,9.65,0.999999999371826,0.999999997887318,0.9999999923964314,0.9999999720817185,0.9999998965513346,0.99999960504233,0.9999981891085141,0.9999838538606163,0.9997926645489692,0.9995646240079623,0.999610283932764,0.9996321273814873,0.9996449187227724,0.9996472247882695,0.9996444472593025,0.999642068061192,0.9996420674800832,0.9996420674800832,0.9996420674800832,0.9996420674800832,0.9996420674800832
0.00006128349505322202,9.700000000000001,0.999999999459326,0.9999999981816002,0.9999999934556081,0.9999999759721477,0.9999999110055644,0.9999996612759909,0.9999984745948102,0.9999869744719374,0.9998243872126541,0.9995819496305623,0.9996222738967875,0.9996459882818893,0.9996574083656828,0.9996603004702891,0.9996579549769447,0.9996553113902636,0.9996553107447165,0.9996553107447165,0.9996553107447165,0.9996553107447165,0.9996553107447165
0.00005829466373086881,9.75,0.9999999995346377,0.9999999984348904,0.9999999943672362,0.9999999793203094,0.9999999234365651,0.9999997094073034,0.9999987129743184,0.9999894737817616,0.9998527602813145,0.9995999388243819,0.9996339494336981,0.9996593985659368,0.999669489141676,0.9996730315663334,0.9996710783853475,0.9996682188094631,0.9996682181113006,0.9996682181113006,0.9996682181113006,0.9996682181113006,0.9996682181113006
0.000055451599432176945,9.8,0.9999999995994587,0.999999998652899,0.9999999951518715,0.9999999822018175,0.9999999341283382,0.9999997506243986,0.9999989124284523,0.9999914772727759,0.9998777140253833,0.9996188655735649,0.9996455436116982,0.9996725365243728,0.9996814126670395,0.9996856620483763,0.9996840594222527,0.9996810354610202,0.9996810347228404,0.9996810347228404,0.9996810347228404,0.9996810347228404,0.9996810347228404
0.00005274719301551376,9.850000000000001,0.999999999655251,0.9999999988405405,0.9999999958272054,0.9999999846817352,0.9999999433248434,0.9999997859367571,0.99999907964201,0.9999930852242511,0.9998993041936387,0.9996388932230148,0.9996572088791303,0.9996855195682914,0.9996933506412159,0.9996983473342652,0.9996970540409431,0.9996939169796637,0.9996939162139769,0.9996939162139769,0.9996939162139769,0.9996939162139769,0.9996939162139769
0.00005017468205617528,9.9,0.9999999997032718,0.9999999990020446,0.999999996408464,0.9999999868160491,0.9999999512356827,0.9999998162029984,0.9999992200901773,0.9999943775946614,0.9999177006233433,0.9996600539615127,0.9996690039535163,0.9996983888840817,0.9997053799144129,0.999711138869535,0.9997101164861905,0.9997069140431768,0.9997069132616136,0.9997069132616136,0.9997069132616136,0.9997069132616136,0.9997069132616136
0.00004772763393680188,9.950000000000001,0.9999999997446039,0.9999999991410526,0.9999999969087537,0.9999999886529374,0.9999999580409711,0.9999998421541597,0.9999993382683312,0.9999954180475356,0.9999331611690301,0.9996822450798198,0.9996808939789704,0.9997111047346617,0.9997174806941755,0.999723983118299,0.9997231977918728,0.9997199715933098,0.9997199708060099,0.9997199708060099,0.9997199708060099,0.9997199708060099,0.9997199708060099
0.000045399929762484854,10.,0.9999999997801783,0.9999999992606974,0.999999997339353,0.9999999902338577,0.9999999638955054,0.9999998644132286,0.9999994378763658,0.99999625723165,0.9999459989861975,0.9997052451542612,0.99969276611893,0.9997235560381376,0.9997295499778265,0.9997367372595862,0.9997361609316355,0.9997329449814435,0.9997329441966821,0.9997329441966821,0.9997329441966821,0.9997329441966821,0.9997329441966821